ticker,company_name,fiscal_quarter,fiscal_year,calendar_date,debt_to_assets,book_to_market,earnings_yield,industry,sector
AAGPX,American Beacon Large Cap Value Fund Investor Class,Q3,2019,2019-04-30,0.0,3.237233317466466,-0.027993779160186624,Asset Management,Financial Services
AAGPX,American Beacon Large Cap Value Fund Investor Class,Q4,2019,2019-07-31,0.0,3.2246956206521107,-0.0278853601859024,Asset Management,Financial Services
AAGPX,American Beacon Large Cap Value Fund Investor Class,Q1,2020,2019-10-31,0.0,3.0457376769536406,-0.04176157934700076,Asset Management,Financial Services
AAGPX,American Beacon Large Cap Value Fund Investor Class,Q2,2020,2020-01-31,0.0,2.887859266053236,-0.03959683225341973,Asset Management,Financial Services
AAISX,American Beacon International Equity Fund Advisor Class,Q2,2019,2019-06-30,0.011133290375009056,3.15699999588141,0.016570008285004142,Asset Management,Financial Services
AAISX,American Beacon International Equity Fund Advisor Class,Q3,2019,2019-09-30,0.010818075160639925,3.848803356513965,0.03489361702127659,Asset Management,Financial Services
AAISX,American Beacon International Equity Fund Advisor Class,Q4,2019,2019-12-31,0.009360305227150978,3.888234034684924,0.18749999999999997,Asset Management,Financial Services
AAISX,American Beacon International Equity Fund Advisor Class,Q1,2020,2020-03-31,0.008743674785531728,4.200402669489277,0.2817982456140351,Asset Management,Financial Services
ABCVX,American Beacon The London Company Income Equity Fund Investor Class,Q2,2019,2019-06-30,0.011133290375009056,2.830979936871368,0.014858841010401188,Asset Management - Income,Financial Services
ABCVX,American Beacon The London Company Income Equity Fund Investor Class,Q3,2019,2019-09-30,0.010818075160639925,3.315501425149493,0.03005865102639296,Asset Management - Income,Financial Services
ABCVX,American Beacon The London Company Income Equity Fund Investor Class,Q4,2019,2019-12-31,0.009360305227150978,3.3741963148452223,0.16271186440677965,Asset Management - Income,Financial Services
ABCVX,American Beacon The London Company Income Equity Fund Investor Class,Q1,2020,2020-03-31,0.008743674785531728,3.208347767650101,0.2152428810720268,Asset Management - Income,Financial Services
ACB,Aurora Cannabis Inc.,Q4,2020,2020-03-31,0.1256367568979171,3.9156887663831497,-0.13925632746588895,Drug Manufacturers - Specialty & Generic,Healthcare
ACEVX,American Century International Value Fund Investor Class,Q2,2019,2019-04-30,0.0,1.6622329141257477,0.05169628432956381,Asset Management,Financial Services
ACEVX,American Century International Value Fund Investor Class,Q3,2019,2019-07-31,0.0,1.7736922131662765,0.03859060402684564,Asset Management,Financial Services
ACEVX,American Century International Value Fund Investor Class,Q4,2019,2019-10-31,0.0,1.7358301462185564,0.03776683087027915,Asset Management,Financial Services
ACEVX,American Century International Value Fund Investor Class,Q1,2020,2020-01-31,0.0,1.60252884509952,-0.02875399361022364,Asset Management,Financial Services
ADKSX,Adirondack Small Cap Fund,Q2,2019,2019-06-30,0.0,0.14141320800699791,0.031679617453676034,Asset Management,Financial Services
ADKSX,Adirondack Small Cap Fund,Q3,2019,2019-09-30,0.0,0.1805216250815333,0.032401524777636595,Asset Management,Financial Services
ADKSX,Adirondack Small Cap Fund,Q4,2019,2019-12-31,0.0,0.20912642314465874,0.04244186046511628,Asset Management,Financial Services
ADKSX,Adirondack Small Cap Fund,Q1,2020,2020-03-31,0.0,0.3942751224678936,0.06024096385542169,Asset Management,Financial Services
ADX,"Adams Diversified Equity Fund, Inc.",Q4,2018,2018-12-31,0.0,2.1552921508721696,-0.1447178002894356,Asset Management,Financial Services
ADX,"Adams Diversified Equity Fund, Inc.",Q2,2019,2019-06-30,0.0,1.0364204704690263,0.3434579439252336,Asset Management,Financial Services
ADX,"Adams Diversified Equity Fund, Inc.",Q4,2019,2019-12-31,0.0,0.9509768254564351,0.16330858960763522,Asset Management,Financial Services
AEG,Aegon N.V.,Q4,2019,2019-12-31,0.027294321763695985,3.149361814355692,0.09574468085106383,Insurance - Diversified,Financial Services
AEG,Aegon N.V.,Q1,2020,2020-03-31,,4.413579076098246,0.2863849765258216,Insurance - Diversified,Financial Services
AFJAX,Virtus NFJ International Value Fund,Q1,2019,2019-02-28,0.03251325864295053,0.5753116073655713,-0.010611735330836456,Asset Management,Financial Services
AFJAX,Virtus NFJ International Value Fund,Q2,2019,2019-05-31,0.03336054714826304,0.5921881563542937,0.010302640051513202,Asset Management,Financial Services
AFJAX,Virtus NFJ International Value Fund,Q3,2019,2019-08-31,0.03336054714826304,0.591426499561555,0.010289389067524116,Asset Management,Financial Services
AFJAX,Virtus NFJ International Value Fund,Q1,2020,2020-02-29,0.03406950401292149,0.5702206591912335,0.001241997439180538,Asset Management,Financial Services
AGMH,AGM Group Holdings Inc.,Q1,2020,2020-03-31,0.0,0.03525472999614617,-0.0008338937457969065,Software - Application,Technology
AGRO,Adecoagro S.A.,Q1,2020,2020-03-31,0.4889067563328987,0.39561019496318456,-0.025543478260869563,Agricultural Farm Products,Consumer Defensive
AMECX,American Funds The Income Fund of America Class A,Q1,2020,2020-03-31,0.0903832662710872,2.011141376137595,0.026881720430107527,Asset Management - Income,Financial Services
AMFFX,American Funds American Mutual Fund Class F-1,Q2,2019,2019-06-30,0.0633514570864842,1.1135781452248732,0.05074257425742574,Asset Management,Financial Services
AMFFX,American Funds American Mutual Fund Class F-1,Q3,2019,2019-09-30,0.06135008097192059,1.1341905243346595,0.05004549590536852,Asset Management,Financial Services
AMFFX,American Funds American Mutual Fund Class F-1,Q4,2019,2019-12-31,0.06280124248567627,1.1128154511554693,0.056527977044476325,Asset Management,Financial Services
AMFFX,American Funds American Mutual Fund Class F-1,Q1,2020,2020-03-31,0.07255878449589032,1.311403027226504,0.01885498800137127,Asset Management,Financial Services
ANTUX,Non-U.S. Intrinsic Value Fund Investor Class,Q2,2019,2019-04-30,0.0,1.4192029984052936,0.04413793103448276,Asset Management,Financial Services
ANTUX,Non-U.S. Intrinsic Value Fund Investor Class,Q3,2019,2019-07-31,0.0,1.5730960700105667,0.03422619047619048,Asset Management,Financial Services
ANTUX,Non-U.S. Intrinsic Value Fund Investor Class,Q4,2019,2019-10-31,0.0,1.4805610070687687,0.03221288515406163,Asset Management,Financial Services
ANTUX,Non-U.S. Intrinsic Value Fund Investor Class,Q1,2020,2020-01-31,0.0,1.4030532266186007,-0.025174825174825173,Asset Management,Financial Services
APDKX,Artisan International Value Fund Advisor Class,Q2,2019,2019-06-30,0.21468072460397447,0.07334208243116998,0.023605150214592276,Asset Management,Financial Services
APDKX,Artisan International Value Fund Advisor Class,Q3,2019,2019-09-30,0.20607317333244993,0.08310732835309029,0.025585585585585584,Asset Management,Financial Services
APDKX,Artisan International Value Fund Advisor Class,Q4,2019,2019-12-31,0.21325937025703204,0.08487465767853382,0.025412541254125412,Asset Management,Financial Services
APDKX,Artisan International Value Fund Advisor Class,Q1,2020,2020-03-31,0.20446532524841016,0.08849984503041917,0.02360801781737194,Asset Management,Financial Services
APHKX,Artisan International Value Fund Institutional Class,Q2,2019,2019-06-30,0.21468072460397447,0.07363176390576347,0.0236983842010772,Asset Management,Financial Services
APHKX,Artisan International Value Fund Institutional Class,Q3,2019,2019-09-30,0.20607317333244993,0.08343807387113804,0.02568740955137482,Asset Management,Financial Services
APHKX,Artisan International Value Fund Institutional Class,Q4,2019,2019-12-31,0.21325937025703204,0.08518390618282791,0.025505134150380922,Asset Management,Financial Services
APHKX,Artisan International Value Fund Institutional Class,Q1,2020,2020-03-31,0.20446532524841016,0.08877665419718098,0.023681858802502235,Asset Management,Financial Services
AQNB,Algonquin Power & Utilities Cor,Q1,2020,2020-03-31,0.3981761409416691,0.3982679843759909,-0.007096069868995633,Regulated Electric,Utilities
ARAAX,Horizon Active Risk Assist Fund - Advisor Class,Q2,2019,2019-06-30,0.028138396846990297,0.8520561477483631,0.020337013364323066,Asset Management,Financial Services
ARAAX,Horizon Active Risk Assist Fund - Advisor Class,Q3,2019,2019-09-30,0.02733667227202612,0.8926568762294296,0.020796197266785502,Asset Management,Financial Services
ARAAX,Horizon Active Risk Assist Fund - Advisor Class,Q4,2019,2019-12-31,0.006811202696774491,0.855269422025107,0.021158129175946547,Asset Management,Financial Services
ARAAX,Horizon Active Risk Assist Fund - Advisor Class,Q1,2020,2020-03-31,0.016796505093990603,1.0197936044071545,0.0025700934579439253,Asset Management,Financial Services
ARGVX,One Choice 2060 Portfolio - Investor Class,Q2,2019,2019-06-30,0.2922435497500454,1.4956335206068534,-0.06726907630522089,,
ARGVX,One Choice 2060 Portfolio - Investor Class,Q3,2019,2019-09-30,0.27699507361001624,1.33870293965408,0.003009027081243731,,
ARGVX,One Choice 2060 Portfolio - Investor Class,Q4,2019,2019-12-31,0.2981065739435409,1.0909476336869257,-0.08630393996247655,,
ARGVX,One Choice 2060 Portfolio - Investor Class,Q1,2020,2020-03-31,0.3021335419206523,1.2826648993937237,-0.008785471055618615,,
ARGX,argenx SE,Q4,2018,2018-12-31,0.0,0.18077905560555568,-0.013657056421994062,Biotechnology,Healthcare
ARGX,argenx SE,Q2,2019,2019-06-30,0.003212505588766166,0.14025242896486304,-0.00833099995326239,Biotechnology,Healthcare
ARGX,argenx SE,Q4,2019,2019-12-31,0.004545355744419223,0.18629115025556411,-0.018626962372290057,Biotechnology,Healthcare
ARSVX,AMG River Road Small Cap Value Fund - Class N,Q1,2020,2020-03-31,,0.5709126094211358,0.000689655172413793,Asset Management,Financial Services
ARTHX,Artisan Global Equity Fund Investor Shares,Q2,2019,2019-06-30,0.0,1.3971279398496574,0.115748031496063,Asset Management - Global,Financial Services
ARTHX,Artisan Global Equity Fund Investor Shares,Q3,2019,2019-09-30,0.0,1.427980661101549,0.06130573248407643,Asset Management - Global,Financial Services
ARTHX,Artisan Global Equity Fund Investor Shares,Q4,2019,2019-12-31,0.0,1.3285508965507746,0.05703703703703704,Asset Management - Global,Financial Services
ARTHX,Artisan Global Equity Fund Investor Shares,Q1,2020,2020-03-31,0.0,1.5205215321319343,-0.016536118363794605,Asset Management - Global,Financial Services
ARTKX,Artisan International Value Fund Investor Class,Q2,2019,2019-06-30,0.21468072460397447,0.07284705594229175,0.02344582593250444,Asset Management,Financial Services
ARTKX,Artisan International Value Fund Investor Class,Q3,2019,2019-09-30,0.20607317333244993,0.08260130235667103,0.025429799426934095,Asset Management,Financial Services
ARTKX,Artisan International Value Fund Investor Class,Q4,2019,2019-12-31,0.21325937025703204,0.08437342938515664,0.02526246719160105,Asset Management,Financial Services
ARTKX,Artisan International Value Fund Investor Class,Q1,2020,2020-03-31,0.20446532524841016,0.08802930974447985,0.02348249889233496,Asset Management,Financial Services
ARTMX,Artisan Mid Cap Fund Inv Shs,Q2,2019,2019-06-30,0.21468072460397447,0.08244163378248076,0.02653384093911143,Asset Management,Financial Services
ARTMX,Artisan Mid Cap Fund Inv Shs,Q3,2019,2019-09-30,0.20607317333244993,0.09715803649310123,0.029911264232443044,Asset Management,Financial Services
ARTMX,Artisan Mid Cap Fund Inv Shs,Q4,2019,2019-12-31,0.21325937025703204,0.1011813315998151,0.030294964760464203,Asset Management,Financial Services
ARTMX,Artisan Mid Cap Fund Inv Shs,Q1,2020,2020-03-31,0.20446532524841016,0.08801294721339845,0.02347813406067707,Asset Management,Financial Services
ARYVX,American Century Global Real Estate Fd Inv Cl,Q2,2019,2019-06-30,0.04639108412412657,0.8997365441951641,0.0036842105263157894,Asset Management - Global,Financial Services
ARYVX,American Century Global Real Estate Fd Inv Cl,Q3,2019,2019-09-30,0.05042280472735584,0.8376251782029142,0.010348071495766697,Asset Management - Global,Financial Services
ARYVX,American Century Global Real Estate Fd Inv Cl,Q4,2019,2019-12-31,0.05267331175034908,0.7618227731864096,-0.03818181818181818,Asset Management - Global,Financial Services
ARYVX,American Century Global Real Estate Fd Inv Cl,Q1,2020,2020-03-31,0.10933560477001704,0.8699657881919383,-0.05813953488372093,Asset Management - Global,Financial Services
ASMOX,AQR Small Cap Momentum Style Fund Class I,Q2,2019,2019-06-30,0.0,0.21048424999618107,0.04715302491103203,Asset Management,Financial Services
ASMOX,AQR Small Cap Momentum Style Fund Class I,Q3,2019,2019-09-30,0.0,0.2602024156394995,0.046703296703296704,Asset Management,Financial Services
ASMOX,AQR Small Cap Momentum Style Fund Class I,Q4,2019,2019-12-31,0.0,0.30379852010879477,0.06165540540540541,Asset Management,Financial Services
ASMOX,AQR Small Cap Momentum Style Fund Class I,Q1,2020,2020-03-31,0.0,0.4952536171628139,0.07566938300349244,Asset Management,Financial Services
ASR,"Grupo Aeroportuario del Sureste, S. A. B. de C. V.",Q1,2020,2020-03-31,0.23669028867448932,15.705145065041672,0.8493373005139302,"Airlines, Airports & Air Services",Industrials
ATESX,Anchor Risk Managed Equity Strategies Fund - Institutional Class,Q1,2019,2019-04-30,0.0,1.2493860275346182,0.038262668045501554,Asset Management,Financial Services
ATESX,Anchor Risk Managed Equity Strategies Fund - Institutional Class,Q2,2019,2019-07-31,0.0,1.2025393537403126,0.015197568389057751,Asset Management,Financial Services
ATESX,Anchor Risk Managed Equity Strategies Fund - Institutional Class,Q3,2019,2019-10-31,0.0,1.1728323538949492,0.01482213438735178,Asset Management,Financial Services
ATESX,Anchor Risk Managed Equity Strategies Fund - Institutional Class,Q4,2019,2020-01-31,0.0,0.9886485339890372,-0.021798365122615803,Asset Management,Financial Services
ATS,ATS Corporation,Q4,2019,2020-03-31,0.31724669478587186,0.7825054951878644,0.011627906976744188,Industrial - Machinery,Industrials
AU,AngloGold Ashanti Plc,Q4,2019,2019-12-31,0.321142357569576,0.31167830318356166,0.027805362462760677,Gold,Basic Materials
AU,AngloGold Ashanti Plc,Q1,2020,2020-03-31,0.44466257668711656,0.36153973763346137,0.023054755043227664,Gold,Basic Materials
AVAL,Grupo Aval Acciones y Valores S.A.,Q1,2020,2020-03-31,0.20523624978856392,4868.728516352087,198.44011142061282,Banks - Regional,Financial Services
AWF,AllianceBernstein Global High Income Fund,Q4,2018,2019-03-31,0.007430858258409032,1.7504631280844891,0.014864864864864864,Asset Management - Income,Financial Services
AWF,AllianceBernstein Global High Income Fund,Q2,2019,2019-09-30,0.0060948861675792325,0.8363712977354826,0.07623888182973317,Asset Management - Income,Financial Services
BABA,Alibaba Group Holding Limited,Q4,2020,2020-03-31,0.1121772145150173,1.4982823712344944,0.006270925227188181,Specialty Retail,Consumer Cyclical
BAK,Braskem S.A.,Q1,2020,2020-03-31,0.7547928789036751,-0.9191133713228933,-3.729433272394881,Chemicals,Basic Materials
BBN,BlackRock Taxable Municipal Bond Trust,Q4,2018,2019-01-31,0.37051447306993107,1.5506080098143975,0.021917808219178082,Asset Management - Bonds,Financial Services
BBN,BlackRock Taxable Municipal Bond Trust,Q2,2019,2019-07-31,0.3641685480102949,1.4701490445822853,0.060459492140266025,Asset Management - Bonds,Financial Services
BBN,BlackRock Taxable Municipal Bond Trust,Q4,2019,2020-01-31,0.36409395678940226,1.4261498025848864,0.05571030640668524,Asset Management - Bonds,Financial Services
BCLI,Brainstorm Cell Therapeutics Inc.,Q1,2020,2020-03-31,0.178407393060705,0.06496367285628372,-0.06557377049180327,Biotechnology,Healthcare
BCSFX,Brown Capital Management International Small Company Fund Institutional Shares,Q1,2020,2020-03-31,0.8521305087470784,2.4472844890945784,-0.708216078509597,Asset Management,Financial Services
BCSSX,Brown Capital Management Small Company Fund Institutional Shares,Q2,2019,2019-06-30,0.23047951175523224,0.18343611682701141,0.005362365940851479,Asset Management,Financial Services
BCSSX,Brown Capital Management Small Company Fund Institutional Shares,Q3,2019,2019-09-30,0.22727943834022685,0.1978141261334225,0.006904681711013809,Asset Management,Financial Services
BCSSX,Brown Capital Management Small Company Fund Institutional Shares,Q4,2019,2019-12-31,0.22605778097111293,0.16333107639825342,0.003719599427753934,Asset Management,Financial Services
BCSSX,Brown Capital Management Small Company Fund Institutional Shares,Q1,2020,2020-03-31,0.2266914786916185,0.21267683859103687,0.00931998619261305,Asset Management,Financial Services
BDJ,BlackRock Enhanced Equity Dividend Trust,Q4,2018,2018-12-31,0.0,1.976302661561797,-0.13574660633484162,Asset Management,Financial Services
BDJ,BlackRock Enhanced Equity Dividend Trust,Q2,2019,2019-06-30,5.767355771912344e-05,0.930336689362451,0.2209302325581395,Asset Management,Financial Services
BDJ,BlackRock Enhanced Equity Dividend Trust,Q4,2019,2019-12-31,0.0002894979555991567,0.8305731175403475,0.1490066225165563,Asset Management,Financial Services
BGY,BlackRock Enhanced International Dividend Trust,Q4,2018,2018-12-31,0.0,1.884060433014774,-0.1189710610932476,Asset Management,Financial Services
BGY,BlackRock Enhanced International Dividend Trust,Q2,2019,2019-06-30,0.0,0.8632930269510865,0.17777777777777778,Asset Management,Financial Services
BGY,BlackRock Enhanced International Dividend Trust,Q4,2019,2019-12-31,0.0,0.8225513089143849,0.11195928753180662,Asset Management,Financial Services
BHAT,Fujian Blue Hat Interactive Entertainment Technology Ltd.,Q4,2019,2019-12-31,0.1125118163624675,0.0063349185057879525,0.0008755347726594368,Electronic Gaming & Multimedia,Technology
BHBFX,Madison Dividend Income Fd Cl Y,Q1,2020,2020-03-31,0.0,1.6393476070669675,-0.10450685826257348,Asset Management - Income,Financial Services
BHP,BHP Group Limited,Q2,2019,2018-12-31,0.26090182982795324,0.7138529324034684,0.05695016860247283,Industrial Materials,Basic Materials
BHP,BHP Group Limited,Q4,2019,2019-06-30,0.2556587779220908,0.5222517690959383,0.05187319884726224,Industrial Materials,Basic Materials
BHP,BHP Group Limited,Q2,2020,2019-12-31,0.2712679636328087,0.5662266657434939,0.05727923627684964,Industrial Materials,Basic Materials
BILI,Bilibili Inc.,Q1,2020,2020-03-31,0.23219555242531723,0.7561241192773359,-0.06153265383163458,Electronic Gaming & Multimedia,Technology
BLRX,BioLineRx Ltd.,Q1,2020,2020-03-31,0.20540162387907826,0.03310658513789864,-0.007786885245901639,Biotechnology,Healthcare
BLW,BlackRock Limited Duration Income Trust,Q1,2020,2020-03-31,0.29688055643073835,1.9386908291360152,8.785625774473358,Asset Management - Income,Financial Services
BMA,Banco Macro S.A.,Q1,2020,2020-03-31,0.06327967449514782,141.72030147288038,11.430745814307457,Banks - Regional,Financial Services
BPOPM,Popular Capital Trust II PFD GTD 6.125%,Q2,2019,2019-06-30,0.027097082236103007,3.2378825292827447,0.09707666850523994,Banks,Financial Services
BPOPM,Popular Capital Trust II PFD GTD 6.125%,Q3,2019,2019-09-30,0.04446115755753837,3.355342760625885,0.09371554575523704,Banks,Financial Services
BPOPM,Popular Capital Trust II PFD GTD 6.125%,Q4,2019,2019-12-31,12.536935665593099,3.201543916258127,0.21797520661157024,Banks,Financial Services
BPOPM,Popular Capital Trust II PFD GTD 6.125%,Q1,2020,2020-03-31,0.021932787624731696,,,Banks,Financial Services
BSTZ,BlackRock Science and Technology Trust II,Q2,2019,2019-06-30,0.0,1.5551018845845375,0.007113003095975232,Asset Management,Financial Services
BSTZ,BlackRock Science and Technology Trust II,Q4,2019,2019-12-31,0.0,1.5223935216400089,0.07297514033680834,Asset Management,Financial Services
BTCT,BTC Digital Ltd.,Q4,2019,2019-12-31,0.05544462186510336,-0.014350942628136363,-0.00889255111976631,Education & Training Services,Consumer Defensive
BTCT,BTC Digital Ltd.,Q1,2020,2020-03-31,0.28677925295130624,-0.015956228306174103,-0.005417260390161154,Education & Training Services,Consumer Defensive
BTI,British American Tobacco p.l.c.,Q4,2018,2018-12-31,0.32143198808271034,1.4868883300947557,0.07578084997439835,Tobacco,Consumer Defensive
BTI,British American Tobacco p.l.c.,Q2,2019,2019-06-30,0.33955385113967806,1.273836682327267,0.05496921723834653,Tobacco,Consumer Defensive
BTI,British American Tobacco p.l.c.,Q4,2019,2019-12-31,0.3213857664621822,0.9949654589723133,0.04483985765124555,Tobacco,Consumer Defensive
BTT,Blackrock Municipal 2030 Target Term Trust,Q2,2019,2019-01-31,0.0,1.3311322482591144,0.036748329621380846,Asset Management,Financial Services
BTT,Blackrock Municipal 2030 Target Term Trust,Q4,2019,2019-07-31,0.26551847293904995,1.294090097845093,0.10414560161779575,Asset Management,Financial Services
BTT,Blackrock Municipal 2030 Target Term Trust,Q2,2020,2020-01-31,0.2571210342794571,1.2888094630637597,0.06837606837606838,Asset Management,Financial Services
BTZ,BlackRock Credit Allocation Income Trust,Q4,2019,2019-12-31,0.0,1.6510170641897914,0.031567080045095834,Asset Management - Income,Financial Services
BTZ,BlackRock Credit Allocation Income Trust,Q1,2020,2020-03-31,0.28527071915659835,1.8929346219384715,-0.0009114583333333333,Asset Management - Income,Financial Services
BVN,Compañía de Minas Buenaventura S.A.A.,Q1,2020,2020-03-31,0.12708455875305325,1.4951725048622142,-0.04207573632538569,Other Precious Metals,Basic Materials
BXMX,Nuveen S&P 500 Buy-Write Income Fund,Q4,2018,2018-12-31,0.0,1.6459396216877507,-0.09138381201044386,Asset Management - Income,Financial Services
BXMX,Nuveen S&P 500 Buy-Write Income Fund,Q2,2019,2019-06-30,0.0,1.5224646872529533,0.12643678160919541,Asset Management - Income,Financial Services
BXMX,Nuveen S&P 500 Buy-Write Income Fund,Q4,2019,2019-12-31,0.0,1.4769747344683986,0.1079913606911447,Asset Management - Income,Financial Services
BZUN,Baozun Inc.,Q1,2020,2020-03-31,0.42524250493705645,1.5314801155627629,0.001317883085437565,Specialty Retail,Consumer Cyclical
CAE,CAE Inc.,Q4,2019,2020-03-31,0.39042387665613654,0.7514887431403844,0.02340597255851493,Aerospace & Defense,Industrials
CCEP,Coca-Cola Europacific Partners PLC,Q4,2018,2018-12-31,0.30841018884497146,0.3606971922863167,0.02702702702702703,Beverages - Non-Alcoholic,Consumer Defensive
CCEP,Coca-Cola Europacific Partners PLC,Q2,2019,2019-06-28,0.2896085188327415,0.3214412126396835,0.02565720294426919,Beverages - Non-Alcoholic,Consumer Defensive
CCEP,Coca-Cola Europacific Partners PLC,Q4,2019,2019-12-31,0.3436444792339271,0.3077622678718893,0.02880184331797235,Beverages - Non-Alcoholic,Consumer Defensive
CEMDX,Cullen Emerging Markets High Dividend Fd Retail Cl,Q2,2019,2019-06-30,0.04639108412412657,1.070963002369421,0.004385342789598109,,
CEMDX,Cullen Emerging Markets High Dividend Fd Retail Cl,Q3,2019,2019-09-30,0.05042280472735584,1.0978983531808852,0.013563501849568435,,
CEMDX,Cullen Emerging Markets High Dividend Fd Retail Cl,Q4,2019,2019-12-31,0.05267331175034908,0.928023311744242,-0.046511627906976744,,
CEMDX,Cullen Emerging Markets High Dividend Fd Retail Cl,Q1,2020,2020-03-31,0.10933560477001704,1.0922198216716306,-0.07299270072992702,,
CMP,"Compass Minerals International, Inc.",Q2,2020,2020-03-31,0.6129429600151601,0.2953817202854896,0.027416228191636666,Industrial Materials,Basic Materials
CNGLX,Commonwealth Global Fund,Q2,2019,2019-06-30,0.007047486461322289,1.873738255562759,0.1242112283350928,Asset Management - Global,Financial Services
CNGLX,Commonwealth Global Fund,Q3,2019,2019-09-30,0.006940128527449768,1.7202073840360563,0.011856864545237386,Asset Management - Global,Financial Services
CNGLX,Commonwealth Global Fund,Q4,2019,2019-12-31,0.007739705372423801,1.608039675840436,0.006658712011667655,Asset Management - Global,Financial Services
CNGLX,Commonwealth Global Fund,Q1,2020,2020-03-31,0.006759615200306043,2.2257328268798977,0.2582911982787214,Asset Management - Global,Financial Services
CPRI,Capri Holdings Limited,Q4,2020,2020-03-28,0.6036999748301032,1.700658340287575,-0.43259085580304807,Luxury Goods,Consumer Cyclical
CRH,CRH plc,Q4,2018,2018-12-31,0.2663975208256333,0.8693379070220746,0.052205220522052204,Construction Materials,Basic Materials
CRH,CRH plc,Q2,2019,2019-06-30,0.30969192109901983,0.6847985704582855,0.02143359100491919,Construction Materials,Basic Materials
CRH,CRH plc,Q4,2019,2019-12-31,0.3684365286062337,0.606377290386374,0.03414634146341463,Construction Materials,Basic Materials
CSQ,Calamos Strategic Total Return Fund,Q2,2019,2019-04-30,0.0,1.6311520451016295,0.16811955168119555,Asset Management,Financial Services
CSQ,Calamos Strategic Total Return Fund,Q4,2019,2019-10-31,0.0,1.5410673806086643,0.03933253873659118,Asset Management,Financial Services
CSXCX,Calvert US Large Cap Core Responsible Index Fund Class C,Q2,2019,2019-06-30,0.11527311281514274,3.808116182633595,0.08645787384208203,Asset Management,Financial Services
CSXCX,Calvert US Large Cap Core Responsible Index Fund Class C,Q3,2019,2019-09-30,0.11685416234448844,3.865939760021779,0.09142857142857143,Asset Management,Financial Services
CSXCX,Calvert US Large Cap Core Responsible Index Fund Class C,Q4,2019,2019-12-31,0.12749351923319382,3.583954203037036,0.08615136876006442,Asset Management,Financial Services
CSXCX,Calvert US Large Cap Core Responsible Index Fund Class C,Q1,2020,2020-03-31,0.10721741441680895,4.3882974367077425,0.05096153846153846,Asset Management,Financial Services
DAO,"Youdao, Inc.",Q1,2020,2020-03-31,0.4161339636027301,0.0694166815153323,-0.07521029565612547,Education & Training Services,Consumer Defensive
DAVA,Endava plc,Q3,2020,2020-03-31,0.1520478261903064,0.10019119701028138,0.007003891232266958,Software - Infrastructure,Technology
DELNX,DoubleLine Low Duration Emerging Markets Fixed Income Fund Class N,Q1,2019,2019-06-30,2.13286902134552e-05,1.9568298313116208,0.025179856115107913,Asset Management - Income,Financial Services
DELNX,DoubleLine Low Duration Emerging Markets Fixed Income Fund Class N,Q2,2019,2019-09-30,2.13286902134552e-05,1.9474893547898469,0.025059665871121715,Asset Management - Income,Financial Services
DELNX,DoubleLine Low Duration Emerging Markets Fixed Income Fund Class N,Q3,2019,2019-12-31,2.6027323228764592e-05,1.6092639633683452,-0.12411347517730496,Asset Management - Income,Financial Services
DELNX,DoubleLine Low Duration Emerging Markets Fixed Income Fund Class N,Q4,2019,2020-03-31,2.6027323228764592e-05,1.695438745964658,-0.13075965130759654,Asset Management - Income,Financial Services
DEO,Diageo plc,Q2,2019,2018-12-31,0.374649467190129,0.0639494828786965,0.026782725142283227,Beverages - Wineries & Distilleries,Consumer Defensive
DEO,Diageo plc,Q4,2019,2019-06-30,0.4056428936605317,0.04707570940689899,0.01353546291283162,Beverages - Wineries & Distilleries,Consumer Defensive
DEO,Diageo plc,Q2,2020,2019-12-31,0.42454227460372485,0.08662255514084657,0.021430993557138015,Beverages - Wineries & Distilleries,Consumer Defensive
DFUSX,DFA US Large Company Portfolio,Q3,2019,2019-04-30,0.0,2.338810138349368,-0.020224719101123594,,
DFUSX,DFA US Large Company Portfolio,Q4,2019,2019-07-31,0.0,2.30004532942645,-0.019889502762430938,,
DFUSX,DFA US Large Company Portfolio,Q1,2020,2019-10-31,0.0,2.163557993823056,-0.029665587918015105,,
DFUSX,DFA US Large Company Portfolio,Q2,2020,2020-01-31,0.0,1.965329015457102,-0.026947574718275358,,
DHLYX,Diamond Hill Large Cap Fund Class Y,Q3,2019,2019-04-30,0.0,2.150352296622869,-0.01859504132231405,Asset Management,Financial Services
DHLYX,Diamond Hill Large Cap Fund Class Y,Q4,2019,2019-07-31,0.0,2.1078896436768986,-0.018227848101265823,Asset Management,Financial Services
DHLYX,Diamond Hill Large Cap Fund Class Y,Q1,2020,2019-10-31,0.0,2.0016150302135456,-0.027445109780439125,Asset Management,Financial Services
DHLYX,Diamond Hill Large Cap Fund Class Y,Q2,2020,2020-01-31,0.0,1.8779197193576522,-0.02574906367041199,Asset Management,Financial Services
DNP,DNP Select Income Fund Inc.,Q4,2018,2018-10-31,0.2705018465389586,1.3131419335082752,0.057971014492753624,Asset Management - Income,Financial Services
DNP,DNP Select Income Fund Inc.,Q2,2019,2019-04-30,0.24990202372512882,1.3315470323893124,0.13351134846461948,Asset Management - Income,Financial Services
DNP,DNP Select Income Fund Inc.,Q4,2019,2019-10-31,0.23823247403880068,1.237818037010868,0.11792452830188678,Asset Management - Income,Financial Services
DOYU,DouYu International Holdings Limited,Q1,2020,2020-03-31,0.008915628441966144,1.5817012375082375,0.05779078273591807,Internet Content & Information,Communication Services
DSL,DoubleLine Income Solutions Fund,Q4,2018,2018-09-30,0.0,2.0626488193434853,0.012096774193548387,Asset Management - Income,Financial Services
DSL,DoubleLine Income Solutions Fund,Q2,2019,2019-03-31,0.0,1.9197039438528714,0.013371537726838587,Asset Management - Income,Financial Services
DSL,DoubleLine Income Solutions Fund,Q4,2019,2019-09-30,0.0,1.7795528035491646,0.013876040703052728,Asset Management - Income,Financial Services
DSL,DoubleLine Income Solutions Fund,Q2,2020,2020-03-31,0.0,1.759217895225974,-0.7390710382513661,Asset Management - Income,Financial Services
DUO,Fangdd Network Group Ltd.,Q4,2019,2019-12-31,0.11207364839751836,1.8779229251576484e-05,-1.575028636884307e-05,Real Estate - Services,Real Estate
DUO,Fangdd Network Group Ltd.,Q1,2020,2020-03-31,0.0,1.9843595227877237e-05,-1.786085150571132e-06,Real Estate - Services,Real Estate
EGHT,"8x8, Inc.",Q4,2020,2020-03-31,0.5564390322576042,0.11690108583518814,-0.030856423173803525,Software - Application,Technology
EMD,Western Asset Emerging Markets Debt Fund Inc.,Q4,2018,2018-12-31,0.0,2.168979673141566,-0.016224188790560472,Asset Management,Financial Services
EMD,Western Asset Emerging Markets Debt Fund Inc.,Q2,2019,2019-06-30,0.0,0.9903011325145497,0.25030674846625767,Asset Management,Financial Services
EMD,Western Asset Emerging Markets Debt Fund Inc.,Q4,2019,2019-12-31,0.0,0.9290410949721416,0.028268551236749116,Asset Management,Financial Services
ENS,EnerSys,Q4,2020,2020-03-31,0.3707749769966847,0.6483088685026914,-0.0007487871757013288,Electrical Equipment & Parts,Industrials
ESLT,Elbit Systems Ltd.,Q1,2020,2020-03-31,0.22301386998046457,0.43231600145940163,0.012636012636012637,Aerospace & Defense,Industrials
ETG,Eaton Vance Tax-Advantaged Global Dividend Income Fund,Q1,2020,2020-01-31,0.2457212760083253,1.1809488714522705,-0.09319286871961102,Asset Management - Income,Financial Services
ETIGX,Parametric Tax-Managed International Equity Fund Investor Class,Q2,2019,2019-04-30,0.0,1.1841865472887196,0.03626600862484098,Asset Management,Financial Services
ETIGX,Parametric Tax-Managed International Equity Fund Investor Class,Q3,2019,2019-07-31,0.0,1.1686846662702348,0.01476981538124635,Asset Management,Financial Services
ETIGX,Parametric Tax-Managed International Equity Fund Investor Class,Q4,2019,2019-10-31,0.0,1.1253619059944857,0.01422230313132448,Asset Management,Financial Services
ETIGX,Parametric Tax-Managed International Equity Fund Investor Class,Q1,2020,2020-01-31,0.0,0.9917904537805505,-0.021867648426891487,Asset Management,Financial Services
ETV,Eaton Vance Tax-Managed Buy-Write Opportunities Fund,Q3,2019,2019-09-30,0.0,1.6468828924900043,0.06299212598425197,Asset Management,Financial Services
ETV,Eaton Vance Tax-Managed Buy-Write Opportunities Fund,Q4,2019,2019-12-31,0.0,1.5776712192064808,0.10452586206896552,Asset Management,Financial Services
ETV,Eaton Vance Tax-Managed Buy-Write Opportunities Fund,Q1,2020,2020-03-31,0.0,1.6896123579629718,-0.055341055341055344,Asset Management,Financial Services
ETW,Eaton Vance Tax-Managed Global Buy-Write Opportunities Fund,Q4,2019,2019-12-31,0.0,1.6467980888661065,0.15723270440251572,Asset Management - Global,Financial Services
ETY,Eaton Vance Tax-Managed Diversified Equity Income Fund,Q1,2020,2020-01-31,0.0011863580278851002,1.3355848183711208,-0.029447852760736193,Asset Management - Income,Financial Services
EVT,Eaton Vance Tax-Advantaged Dividend Income Fund,Q1,2020,2020-01-31,0.23329093499357595,1.159978353184104,-0.10643274853801168,Asset Management - Income,Financial Services
EVV,Eaton Vance Limited Duration Income Fund,Q1,2019,2019-06-30,2.13286902134552e-05,-0.15961394430265813,0.029577464788732393,Asset Management - Income,Financial Services
EVV,Eaton Vance Limited Duration Income Fund,Q2,2019,2019-09-30,0.0,2.282511999040408,0.06433566433566433,Asset Management - Income,Financial Services
EVV,Eaton Vance Limited Duration Income Fund,Q3,2019,2019-12-31,2.6027323228764592e-05,-0.47173860585349536,-0.13530927835051548,Asset Management - Income,Financial Services
EVV,Eaton Vance Limited Duration Income Fund,Q4,2019,2020-03-31,0.0,2.175077174210679,0.1594896331738437,Asset Management - Income,Financial Services
EXG,Eaton Vance Tax-Managed Global Diversified Equity Income Fund,Q4,2019,2019-10-31,0.0,1.8764294428324264,0.215748031496063,Asset Management - Income,Financial Services
EYEN,"Eyenovia, Inc.",Q1,2020,2020-03-31,0.028384053791425817,0.21042640002283255,-0.001374113475177305,Biotechnology,Healthcare
FADLX,Frost Low Duration Bond Fund Investor Class Shares,Q2,2019,2019-06-30,2.13286902134552e-05,1.8419820308283203,0.023702031602708805,Asset Management - Bonds,Financial Services
FADLX,Frost Low Duration Bond Fund Investor Class Shares,Q3,2019,2019-09-30,2.13286902134552e-05,1.8316454313287225,0.02356902356902357,Asset Management - Bonds,Financial Services
FADLX,Frost Low Duration Bond Fund Investor Class Shares,Q4,2019,2019-12-31,2.6027323228764592e-05,1.5211590089492966,-0.11731843575418996,Asset Management - Bonds,Financial Services
FADLX,Frost Low Duration Bond Fund Investor Class Shares,Q1,2020,2020-03-31,2.6027323228764592e-05,1.5331501272630859,-0.11824324324324324,Asset Management - Bonds,Financial Services
FAGNX,Fidelity Advisor Energy Fund Class M,Q2,2019,2019-06-30,0.0,0.5878675681603094,0.028153153153153154,Asset Management,Financial Services
FAGNX,Fidelity Advisor Energy Fund Class M,Q3,2019,2019-09-30,0.0023794561036605604,0.6167147034395394,0.024681201151789386,Asset Management,Financial Services
FAGNX,Fidelity Advisor Energy Fund Class M,Q4,2019,2019-12-31,0.0021459958934293803,0.6059970252442617,0.027777777777777776,Asset Management,Financial Services
FAGNX,Fidelity Advisor Energy Fund Class M,Q1,2020,2020-03-31,0.12906465821585603,1.19150507185807,0.02767389678384443,Asset Management,Financial Services
FAKTX,American Funds 2015 Target Date Retirement Fd Cl F-1,Q2,2019,2019-06-30,0.04639108412412657,0.9934591008821605,0.0040679824561403516,Asset Management,Financial Services
FAKTX,American Funds 2015 Target Date Retirement Fd Cl F-1,Q3,2019,2019-09-30,0.05042280472735584,0.9720475594210675,0.012008733624454149,Asset Management,Financial Services
FAKTX,American Funds 2015 Target Date Retirement Fd Cl F-1,Q4,2019,2019-12-31,0.05267331175034908,0.8784120026258392,-0.04402515723270441,Asset Management,Financial Services
FAKTX,American Funds 2015 Target Date Retirement Fd Cl F-1,Q1,2020,2020-03-31,0.10933560477001704,0.8492288057265232,-0.056753688989784334,Asset Management,Financial Services
FAMFX,FAM Small Cap Fund Investor Class,Q2,2019,2019-06-30,0.0,0.1466734637295149,0.03285802851828891,Asset Management,Financial Services
FAMFX,FAM Small Cap Fund Investor Class,Q3,2019,2019-09-30,0.0,0.17137577676618423,0.0307599517490953,Asset Management,Financial Services
FAMFX,FAM Small Cap Fund Investor Class,Q4,2019,2019-12-31,0.0,0.20328330674200795,0.04125600968971621,Asset Management,Financial Services
FAMFX,FAM Small Cap Fund Investor Class,Q1,2020,2020-03-31,0.0,0.344613574980713,0.052653217845848976,Asset Management,Financial Services
FAMI,"Farmmi, Inc.",Q4,2018,2018-09-30,0.09494633470008172,0.003037828622684353,0.0003352308665401645,Packaged Foods,Consumer Defensive
FAMI,"Farmmi, Inc.",Q2,2019,2019-03-31,0.23684048996759474,0.005123071318903967,-3.9733676975945016e-05,Packaged Foods,Consumer Defensive
FAMI,"Farmmi, Inc.",Q4,2019,2019-09-30,0.1419580547361545,0.011402283442173216,-7.211538461538462e-05,Packaged Foods,Consumer Defensive
FAOTX,American Funds 2020 Target Date Retirement Fd Cl F-1,Q2,2019,2019-06-30,0.04639108412412657,0.9226422606970777,0.0037780040733197554,Asset Management,Financial Services
FAOTX,American Funds 2020 Target Date Retirement Fd Cl F-1,Q3,2019,2019-09-30,0.05042280472735584,0.9039548877458862,0.011167512690355331,Asset Management,Financial Services
FAOTX,American Funds 2020 Target Date Retirement Fd Cl F-1,Q4,2019,2019-12-31,0.05267331175034908,0.8143878041837226,-0.04081632653061225,Asset Management,Financial Services
FAOTX,American Funds 2020 Target Date Retirement Fd Cl F-1,Q1,2020,2020-03-31,0.10933560477001704,0.7892094703007034,-0.05274261603375527,Asset Management,Financial Services
FAX,Abrdn Asia-Pacific Income Fund Inc,Q2,2019,2019-04-30,0.0,0.36401433210802936,0.07587253414264036,Asset Management - Income,Financial Services
FAX,Abrdn Asia-Pacific Income Fund Inc,Q4,2019,2019-10-31,0.0,0.3447046418574723,0.01696113074204947,Asset Management - Income,Financial Services
FBFWX,American Funds Retirement Income Portfolio - Moderate Class F-1,Q1,2020,2020-03-31,0.12060193072118115,0.8560289762385958,-0.05720823798627002,Asset Management - Income,Financial Services
FCIRX,Fiera Capital International Equity Fund Investor Class,Q2,2019,2019-06-30,0.0,1.653636983792232,0.13699906803355077,Asset Management,Financial Services
FCIRX,Fiera Capital International Equity Fund Investor Class,Q3,2019,2019-09-30,0.0,1.693620123081724,0.07271010387157696,Asset Management,Financial Services
FCIRX,Fiera Capital International Equity Fund Investor Class,Q4,2019,2019-12-31,0.0,1.5368840705600222,0.06598114824335904,Asset Management,Financial Services
FCIRX,Fiera Capital International Equity Fund Investor Class,Q1,2020,2020-03-31,0.0,1.791876144020095,-0.019487179487179488,Asset Management,Financial Services
FCTFX,Fidelity California Municipal Income Fund,Q2,2019,2019-05-31,0.3460787740172937,1.4590485311907404,0.07685433422698838,Asset Management - Income,Financial Services
FCTFX,Fidelity California Municipal Income Fund,Q3,2019,2019-08-31,0.3460787740172937,1.416023682916252,0.0745880312228968,Asset Management - Income,Financial Services
FCTFX,Fidelity California Municipal Income Fund,Q4,2019,2019-11-30,0.3400113189336007,1.4593281298170633,0.03056768558951965,Asset Management - Income,Financial Services
FCTFX,Fidelity California Municipal Income Fund,Q1,2020,2020-02-29,0.3400113189336007,1.4088791809785308,0.02951096121416526,Asset Management - Income,Financial Services
FDVAX,Fidelity Advisor Diversified International Fund Class A,Q2,2019,2019-06-30,0.3658064929834186,1.0581948988224021,-0.016816143497757848,Asset Management,Financial Services
FDVAX,Fidelity Advisor Diversified International Fund Class A,Q3,2019,2019-09-30,0.3199304663999025,0.9730382089034771,-0.07505643340857789,Asset Management,Financial Services
FDVAX,Fidelity Advisor Diversified International Fund Class A,Q4,2019,2019-12-31,0.20849234522900884,0.9543729554382882,-0.011276268580215274,Asset Management,Financial Services
FDVAX,Fidelity Advisor Diversified International Fund Class A,Q1,2020,2020-03-31,0.2907185881964139,1.1399090008359596,-0.012626262626262628,Asset Management,Financial Services
FER,Ferrovial SE,Q1,2020,2020-03-31,0.38200734394124847,0.2546195247641162,-0.006890215893431327,Industrial - Infrastructure Operations,Industrials
FFC,Flaherty & Crumrine Preferred Securities Income Fund Inc.,Q4,2018,2018-11-30,0.359004071128925,1.722755595114085,-0.059273422562141485,Asset Management - Income,Financial Services
FFC,Flaherty & Crumrine Preferred Securities Income Fund Inc.,Q2,2019,2019-05-31,0.3441392043269044,0.7448546798173438,0.1498069498069498,Asset Management - Income,Financial Services
FFC,Flaherty & Crumrine Preferred Securities Income Fund Inc.,Q4,2019,2019-11-30,0.3312855319990617,0.6921105072670568,0.12075983717774763,Asset Management - Income,Financial Services
FFEGX,Fidelity Freedom Index 2030 Fund,Q2,2019,2019-06-30,0.25377156353260244,0.9737379914249688,0.0176678445229682,Asset Management,Financial Services
FFEGX,Fidelity Freedom Index 2030 Fund,Q3,2019,2019-09-30,0.23994366338099826,0.9764820029355877,0.025298664792691494,Asset Management,Financial Services
FFEGX,Fidelity Freedom Index 2030 Fund,Q4,2019,2019-12-31,0.2262961076503442,0.9247739241209812,0.014598540145985401,Asset Management,Financial Services
FFEGX,Fidelity Freedom Index 2030 Fund,Q1,2020,2020-03-31,0.2193230223109791,1.0365943595577483,-0.012888551933282791,Asset Management,Financial Services
FFFEX,Fidelity Freedom 2030 Fund,Q2,2019,2019-06-30,0.25377156353260244,1.1578481158540594,0.021008403361344536,Asset Management,Financial Services
FFFEX,Fidelity Freedom 2030 Fund,Q3,2019,2019-09-30,0.23994366338099826,1.1716137353940483,0.030354131534569985,Asset Management,Financial Services
FFFEX,Fidelity Freedom 2030 Fund,Q4,2019,2019-12-31,0.2262961076503442,1.0939044769625734,0.01726844583987441,Asset Management,Financial Services
FFFEX,Fidelity Freedom 2030 Fund,Q1,2020,2020-03-31,0.2193230223109791,1.2589944385420535,-0.01565377532228361,Asset Management,Financial Services
FIDZX,Fidelity Advisor International Capital Appreciation Fund Class Z,Q4,2018,2019-04-27,0.0,0.5162389324863284,0.0011597051597051595,Asset Management,Financial Services
FIDZX,Fidelity Advisor International Capital Appreciation Fund Class Z,Q1,2019,2019-07-27,0.0,0.6781567840243368,0.017773620205799815,Asset Management,Financial Services
FIDZX,Fidelity Advisor International Capital Appreciation Fund Class Z,Q2,2019,2019-10-26,0.0,0.6949225181269381,0.022492970946579195,Asset Management,Financial Services
FIDZX,Fidelity Advisor International Capital Appreciation Fund Class Z,Q3,2019,2020-01-25,0.0,0.6710697975003383,0.03239929947460595,Asset Management,Financial Services
FMIHX,FMI Large Cap Fund Investor Class,Q2,2019,2019-06-30,0.1603685722778163,1.1399549151481891,-0.029063509149623256,Asset Management,Financial Services
FMIHX,FMI Large Cap Fund Investor Class,Q3,2019,2019-09-30,0.15778019586507072,1.341764728227925,0.030237580993520523,Asset Management,Financial Services
FMIHX,FMI Large Cap Fund Investor Class,Q4,2019,2019-12-31,0.15778019586507072,1.2691257797130324,0.028600612870275797,Asset Management,Financial Services
FMIHX,FMI Large Cap Fund Investor Class,Q1,2020,2020-03-31,0.16669923783466875,1.7133628645256551,-0.002583979328165375,Asset Management,Financial Services
FMIJX,FMI International Fund,Q4,2018,2019-06-26,0.9281570372725105,-0.7970152404617181,0.047793340342762086,Asset Management,Financial Services
FMIJX,FMI International Fund,Q1,2019,2019-09-25,0.4978723404255319,-0.5959400666792564,0.015134290635424834,Asset Management,Financial Services
FMIJX,FMI International Fund,Q2,2019,2019-12-25,0.4854415465111635,-0.5458549730756199,0.02668634973835862,Asset Management,Financial Services
FNILX,Fidelity ZERO Large Cap Index Fund,Q2,2019,2019-06-30,0.1603685722778163,1.1031438710131956,-0.028125000000000004,Asset Management,Financial Services
FNILX,Fidelity ZERO Large Cap Index Fund,Q3,2019,2019-09-30,0.15778019586507072,1.2822230529814846,0.028895768833849332,Asset Management,Financial Services
FNILX,Fidelity ZERO Large Cap Index Fund,Q4,2019,2019-12-31,0.15778019586507072,1.1754722217020421,0.026490066225165566,Asset Management,Financial Services
FNILX,Fidelity ZERO Large Cap Index Fund,Q1,2020,2020-03-31,0.16669923783466875,1.5104132769280834,-0.0022779043280182236,Asset Management,Financial Services
FPF,First Trust Intermediate Duration Preferred & Income Fund,Q4,2018,2018-10-31,0.0,1.8258250194762402,-0.027977617905675458,Asset Management - Income,Financial Services
FPF,First Trust Intermediate Duration Preferred & Income Fund,Q2,2019,2019-04-30,0.0,1.6679097250452992,0.10049893086243764,Asset Management - Income,Financial Services
FPF,First Trust Intermediate Duration Preferred & Income Fund,Q4,2019,2019-10-31,0.0,1.5528757802358228,0.06365372374283895,Asset Management - Income,Financial Services
FRO,Frontline Ltd.,Q1,2020,2020-03-31,0.5626007869605967,1.6253984062009166,0.16698656429942418,Oil & Gas Midstream,Energy
FSUTX,Fidelity Select Utilities Growth Portfolio,Q2,2019,2019-06-30,0.16413867113373729,0.4809912599110005,0.00784655623365301,,
FSUTX,Fidelity Select Utilities Growth Portfolio,Q3,2019,2019-09-30,0.21922834608922906,0.44494818788221774,0.005106154259607632,,
FSUTX,Fidelity Select Utilities Growth Portfolio,Q4,2019,2019-12-31,0.24684190987203888,0.4574985659230924,0.013898169183482561,,
FSUTX,Fidelity Select Utilities Growth Portfolio,Q1,2020,2020-03-31,0.24615721005089422,0.5793807673899144,0.02881797460110713,,
FTIEX,Fidelity Total International Equity Fund,Q2,2019,2019-06-30,0.07138960184770889,0.2555854122633223,0.019083969465648852,Asset Management,Financial Services
FTIEX,Fidelity Total International Equity Fund,Q3,2019,2019-09-30,0.07162051655638724,0.27809466138287436,0.016861219195849545,Asset Management,Financial Services
FTIEX,Fidelity Total International Equity Fund,Q4,2019,2019-12-31,0.06969772414898588,0.26961896489990556,0.018912529550827423,Asset Management,Financial Services
FWRLX,Fidelity Select Wireless,Q2,2019,2019-04-30,0.24990202372512882,1.6034242640737622,0.10289389067524117,,
FWRLX,Fidelity Select Wireless,Q3,2019,2019-07-31,0.23823247403880068,1.6582459642736431,0.06951026856240126,,
FWRLX,Fidelity Select Wireless,Q4,2019,2019-10-31,0.23823247403880068,1.5459052951181387,0.06480117820324006,,
FWRLX,Fidelity Select Wireless,Q1,2020,2020-01-31,0.2716797740998062,1.152468383330338,-0.09561752988047809,,
GAB,The Gabelli Equity Trust Inc.,Q4,2018,2018-12-31,0.0,2.558426651675873,-0.24535315985130113,Asset Management,Financial Services
GAB,The Gabelli Equity Trust Inc.,Q2,2019,2019-06-30,0.0,2.1774737577192806,0.2848664688427299,Asset Management,Financial Services
GAB,The Gabelli Equity Trust Inc.,Q4,2019,2019-12-31,0.0,2.2039435105739305,0.2968299711815562,Asset Management,Financial Services
GABBX,Gabelli Dividend Growth AAA,Q1,2020,2020-03-31,0.0,2.6615495083982266,-0.16967126193001061,,
GB,Global Blue Group Holding AG,Q4,2020,2020-03-31,0.5980359541366826,0.03690995864918151,-0.009813542688910697,Software - Infrastructure,Technology
GDV,The Gabelli Dividend & Income Trust,Q4,2018,2018-12-31,0.0,1.6557554344561545,-0.22437449556093622,Asset Management - Income,Financial Services
GDV,The Gabelli Dividend & Income Trust,Q2,2019,2019-06-30,0.0,1.5503261074908925,0.24983432736911862,Asset Management - Income,Financial Services
GDV,The Gabelli Dividend & Income Trust,Q4,2019,2019-12-31,0.0,1.5419208851417228,0.0639386189258312,Asset Management - Income,Financial Services
GEMAX,Goldman Sachs Emerging Markets Fund Class A,Q2,2019,2019-06-30,0.24523469604816578,12.359845036213322,0.29810159055926116,Asset Management,Financial Services
GEMAX,Goldman Sachs Emerging Markets Fund Class A,Q3,2019,2019-09-30,0.22706091410872414,13.08524245475374,0.2539766702014846,Asset Management,Financial Services
GEMAX,Goldman Sachs Emerging Markets Fund Class A,Q4,2019,2019-12-31,0.2205801193996181,11.772053445523204,0.22322703474535935,Asset Management,Financial Services
GEMAX,Goldman Sachs Emerging Markets Fund Class A,Q1,2020,2020-03-31,0.21892607152426782,15.15192575983279,0.18304885226603887,Asset Management,Financial Services
GFI,Gold Fields Limited,Q4,2018,2018-12-31,0.32688432744131185,0.9289173556109923,0.007368421052631579,Gold,Basic Materials
GFI,Gold Fields Limited,Q2,2019,2019-06-30,0.3574081463519445,0.6974081237911024,0.019386363636363636,Gold,Basic Materials
GFI,Gold Fields Limited,Q4,2019,2019-12-31,0.3320530992333836,0.5950203234515707,0.019097222222222224,Gold,Basic Materials
GHG,GreenTree Hospitality Group Ltd.,Q1,2020,2020-03-31,0.018945241427117083,1.8864416385580394,-0.011530398322851155,Travel Lodging,Consumer Cyclical
GLOB,Globant S.A.,Q1,2020,2020-03-31,0.25218198387153223,0.12993421263635677,0.0038151759220008477,Information Technology Services,Technology
GLPIX,Goldman Sachs MLP Energy Infrastructure Fund,Q3,2019,2019-09-30,0.2164030684723932,1.0003179337966341,0.03371397498640565,Asset Management,Financial Services
GLPIX,Goldman Sachs MLP Energy Infrastructure Fund,Q4,2019,2019-12-31,0.2164030684723932,1.0323146353827217,0.03479236812570146,Asset Management,Financial Services
GLPIX,Goldman Sachs MLP Energy Infrastructure Fund,Q1,2020,2020-03-31,0.27572148566659177,2.0189627222298356,-0.011048292108362778,Asset Management,Financial Services
GOOS,Canada Goose Holdings Inc.,Q4,2020,2020-03-31,0.3469039273838411,0.23351674892102375,0.0009861932938856016,Apparel - Manufacturers,Consumer Cyclical
GOTU,Gaotu Techedu Inc.,Q1,2020,2020-03-31,0.09774712599760241,0.2227012128947147,0.019106317411402157,Education & Training Services,Consumer Defensive
GPUS,"Hyperscale Data, Inc.",Q1,2020,2020-03-31,0.3787830218885344,0.0012517183117181675,-0.0033023486322373017,Aerospace & Defense,Industrials
GRFS,"Grifols, S.A.",Q2,2019,2019-06-30,0.5246729249030399,0.319838753514754,0.01255758468822556,Drug Manufacturers - General,Healthcare
GRFS,"Grifols, S.A.",Q3,2019,2019-09-30,0.5214085162453701,0.36602773398529814,0.010472173549886712,Drug Manufacturers - General,Healthcare
GRFS,"Grifols, S.A.",Q4,2019,2019-12-31,0.4572519379144212,0.3117032559560725,0.012940079844754737,Drug Manufacturers - General,Healthcare
GRFS,"Grifols, S.A.",Q1,2020,2020-03-31,0.4526214833035593,0.4210351132708062,0.014029500714491296,Drug Manufacturers - General,Healthcare
HCM,HUTCHMED (China) Limited,Q1,2020,2020-03-31,,0.12667701862112246,-0.0066445186403387944,Drug Manufacturers - Specialty & Generic,Healthcare
HDGCX,The Hartford Dividend and Growth Fund Class C,Q2,2019,2019-06-30,0.058296867802855826,2.3050949675608545,0.056074766355140186,Asset Management,Financial Services
HDGCX,The Hartford Dividend and Growth Fund Class C,Q3,2019,2019-09-30,0.061859485310863126,2.363109274476362,0.07679914070891514,Asset Management,Financial Services
HDGCX,The Hartford Dividend and Growth Fund Class C,Q4,2019,2019-12-31,0.06139768699606027,2.2364042907622483,0.07461191787681523,Asset Management,Financial Services
HDGCX,The Hartford Dividend and Growth Fund Class C,Q1,2020,2020-03-31,0.06328211396309877,2.6706492567719224,0.04674668351231838,Asset Management,Financial Services
HF,DGA Core Plus Absolute Return ETF,Q3,2018,2018-09-30,0.0037385441855480855,0.1916319988338335,0.019042846404409924,,Financial Services
HF,DGA Core Plus Absolute Return ETF,Q4,2018,2018-12-31,0.004619761250179185,0.27273808038127595,0.0350609756097561,,Financial Services
HF,DGA Core Plus Absolute Return ETF,Q1,2019,2019-03-31,9.04836732227038e-05,0.16293265879341656,0.0148380355276907,,Financial Services
HFMSX,The Hartford MidCap Fund Class R4,Q2,2019,2019-06-30,0.058296867802855826,2.0226568962822933,0.049204052098408106,Asset Management,Financial Services
HFMSX,The Hartford MidCap Fund Class R4,Q3,2019,2019-09-30,0.061859485310863126,2.172893564975302,0.07061728395061728,Asset Management,Financial Services
HFMSX,The Hartford MidCap Fund Class R4,Q4,2019,2019-12-31,0.06139768699606027,1.8523846406686892,0.06180008295313148,Asset Management,Financial Services
HFMSX,The Hartford MidCap Fund Class R4,Q1,2020,2020-03-31,0.06328211396309877,2.2717021888608024,0.039763567974207416,Asset Management,Financial Services
HJPSX,Hennessy Japan Small Cap Fund Investor Class,Q2,2019,2019-06-30,0.1603685722778163,0.7586089657397331,-0.019340974212034383,Asset Management,Financial Services
HJPSX,Hennessy Japan Small Cap Fund Investor Class,Q3,2019,2019-09-30,0.15778019586507072,0.9042752098537544,0.020378457059679767,Asset Management,Financial Services
HJPSX,Hennessy Japan Small Cap Fund Investor Class,Q4,2019,2019-12-31,0.15778019586507072,0.8244685722223348,0.018579960185799604,Asset Management,Financial Services
HJPSX,Hennessy Japan Small Cap Fund Investor Class,Q1,2020,2020-03-31,0.16669923783466875,1.162263678477526,-0.0017528483786152498,Asset Management,Financial Services
HMC,"Honda Motor Co., Ltd.",Q4,2020,2020-03-31,0.31156415242017127,793.4223267230562,-2.92332268370607,Auto - Manufacturers,Consumer Cyclical
HMY,Harmony Gold Mining Company Limited,Q3,2020,2020-03-31,0.17286419988679808,19.718567312665574,-0.9692982456140351,Gold,Basic Materials
HTHT,H World Group Limited,Q1,2020,2020-03-31,0.784024263547706,0.6840085410848382,-0.2806621519939805,Travel Lodging,Consumer Cyclical
HYT,"BlackRock Corporate High Yield Fund, Inc.",Q1,2020,2020-03-31,0.31217581370252495,1.9677429479879869,-0.06946983546617916,Asset Management,Financial Services
IFAFX,"The Income Fund of America, Class F-1 Shares",Q1,2020,2020-03-31,0.0903832662710872,1.9990503458201347,0.026720106880427523,Asset Management - Income,Financial Services
IFS,Intercorp Financial Services Inc.,Q1,2020,2020-03-31,0.13933237474132476,4.228813453322098,0.07122343480758185,Banks - Regional,Financial Services
IGT,International Game Technology PLC,Q1,2020,2020-03-31,0.6615816783323848,1.3453345874965137,-0.259656652360515,"Gambling, Resorts & Casinos",Consumer Cyclical
IHG,InterContinental Hotels Group PLC,Q4,2018,2018-12-31,0.7151612043698374,-0.12002681699811461,0.012976480129764802,Travel Lodging,Consumer Cyclical
IHG,InterContinental Hotels Group PLC,Q2,2019,2019-06-30,0.736359246740705,-0.12263801915619561,0.026158209895997476,Travel Lodging,Consumer Cyclical
IHG,InterContinental Hotels Group PLC,Q4,2019,2019-12-31,0.7105130784708249,-0.12453603259487418,0.006539000467071461,Travel Lodging,Consumer Cyclical
IQ,"iQIYI, Inc.",Q1,2020,2020-03-31,0.40193143321150676,0.5697581757441594,-0.22658960847338777,Entertainment,Communication Services
ITUB,Itaú Unibanco Holding S.A.,Q1,2020,2020-03-31,0.3400851251716626,5.061621733226737,0.13307984790874525,Banks - Regional,Financial Services
JACK,Jack in the Box Inc.,Q1,2020,2020-01-19,1.3033804981680908,-0.4855474123047441,0.004522406468411676,Restaurants,Consumer Cyclical
JANIX,Janus Henderson Triton Fund Class D,Q2,2019,2019-06-30,0.04631127826124984,1.108373268447548,0.02460456942003515,Asset Management,Financial Services
JANIX,Janus Henderson Triton Fund Class D,Q3,2019,2019-09-30,0.045493044689128466,1.1447275948404405,0.02642369020501139,Asset Management,Financial Services
JANIX,Janus Henderson Triton Fund Class D,Q4,2019,2019-12-31,0.04148680740517208,1.1458425142406397,0.02543103448275862,Asset Management,Financial Services
JANIX,Janus Henderson Triton Fund Class D,Q1,2020,2020-03-31,0.04748716868104577,1.4285620991862908,-0.0797872340425532,Asset Management,Financial Services
JFU,9F Inc.,Q3,2019,2019-09-30,0.010136395937199012,4.632329387660348,0.006899641577060933,Information Technology Services,Technology
JFU,9F Inc.,Q4,2019,2019-12-31,0.0059804980966996395,3.3518360434992736,-1.5326041666666665,Information Technology Services,Technology
JFU,9F Inc.,Q1,2020,2020-03-31,0.013319790302460735,3.1657870369215817,-0.20463611859838277,Information Technology Services,Technology
JOBBX,JPMorgan SmartRetirement Blend 2040 Fund Class R5,Q2,2019,2019-06-30,0.17072643435344842,0.861516300237709,-0.00998502246630055,Asset Management,Financial Services
JOBBX,JPMorgan SmartRetirement Blend 2040 Fund Class R5,Q3,2019,2019-09-30,0.16377792872985836,0.87786985581288,0.021912350597609563,Asset Management,Financial Services
JOBBX,JPMorgan SmartRetirement Blend 2040 Fund Class R5,Q4,2019,2019-12-31,0.19688423889642934,0.8257310386173815,0.00790330079033008,Asset Management,Financial Services
JOBBX,JPMorgan SmartRetirement Blend 2040 Fund Class R5,Q1,2020,2020-03-31,0.19757359681007755,1.0216261531597657,0.007437070938215103,Asset Management,Financial Services
JOYY,JOYY Inc.,Q1,2020,2020-03-31,0.11100586510056562,1.1446678818300735,0.012692307692307694,Internet Content & Information,Communication Services
JPC,Nuveen Preferred & Income Opportunities Fund,Q4,2019,2019-07-31,0.0,1.622606342944274,0.1376,Asset Management - Income,Financial Services
JPC,Nuveen Preferred & Income Opportunities Fund,Q2,2020,2020-01-31,0.3515068420577063,0.752584153671749,0.10586552217453504,Asset Management - Income,Financial Services
JQC,Nuveen Credit Strategies Income Fund,Q2,2019,2019-01-31,0.3576340805498621,2.4354863339305117,-0.035798319327731094,Asset Management - Income,Financial Services
JQC,Nuveen Credit Strategies Income Fund,Q4,2019,2019-07-31,0.3602717953578198,2.211810362051892,0.109375,Asset Management - Income,Financial Services
JQC,Nuveen Credit Strategies Income Fund,Q2,2020,2020-01-31,0.7071369731643062,1.9500175162437956,0.055288461538461536,Asset Management - Income,Financial Services
JSEAX,JPMorgan International Equity A,Q1,2020,2020-03-31,0.10160248783935688,7.02077090546133,0.06572379367720467,,
JSOAX,JP Morgan Strategic Income Opportunities Fd Cl A,Q2,2019,2019-06-30,0.04639108412412657,0.9124216515654887,0.0037361530715005037,Asset Management - Income,Financial Services
JSOAX,JP Morgan Strategic Income Opportunities Fd Cl A,Q3,2019,2019-09-30,0.05042280472735584,0.8948699139996964,0.011055276381909548,Asset Management - Income,Financial Services
JSOAX,JP Morgan Strategic Income Opportunities Fd Cl A,Q4,2019,2019-12-31,0.05267331175034908,0.8380050505050505,-0.041999999999999996,Asset Management - Income,Financial Services
JSOAX,JP Morgan Strategic Income Opportunities Fd Cl A,Q1,2020,2020-03-31,0.10933560477001704,0.7753062982850434,-0.05181347150259067,Asset Management - Income,Financial Services
JTSSX,JPMorgan SmartRetirement 2050 Fund Class I,Q2,2019,2019-06-30,0.11529530732619118,5.830421525069519,0.2036101083032491,Asset Management,Financial Services
JTSSX,JPMorgan SmartRetirement 2050 Fund Class I,Q3,2019,2019-09-30,0.11393331768343389,5.977033907211313,0.1943437273386512,Asset Management,Financial Services
JTSSX,JPMorgan SmartRetirement 2050 Fund Class I,Q4,2019,2019-12-31,0.11510806626084374,5.574306867160831,0.17259905977165882,Asset Management,Financial Services
JTSSX,JPMorgan SmartRetirement 2050 Fund Class I,Q1,2020,2020-03-31,0.10160248783935688,7.07966999023869,0.0662751677852349,Asset Management,Financial Services
JUESX,JPMorgan U.S. Equity Fund Class I,Q2,2019,2019-06-30,0.11529530732619118,7.428825954205412,0.2594296228150874,Asset Management,Financial Services
JUESX,JPMorgan U.S. Equity Fund Class I,Q3,2019,2019-09-30,0.11393331768343389,7.596617288520185,0.2470046082949309,Asset Management,Financial Services
JUESX,JPMorgan U.S. Equity Fund Class I,Q4,2019,2019-12-31,0.11510806626084374,6.916785771002065,0.21416666666666664,Asset Management,Financial Services
JUESX,JPMorgan U.S. Equity Fund Class I,Q1,2020,2020-03-31,0.10160248783935688,8.233138174014165,0.07707317073170732,Asset Management,Financial Services
KEP,Korea Electric Power Corporation,Q1,2020,2020-03-31,0.33331377809836754,6557.392112115836,5.250936329588016,Regulated Electric,Utilities
KLCIX,Federated Hermes Kaufmann Large Cap Fund Institutional Shares,Q2,2019,2019-06-30,0.07404993927904979,0.46355692049346636,0.030922871915186046,Asset Management,Financial Services
KLCIX,Federated Hermes Kaufmann Large Cap Fund Institutional Shares,Q3,2019,2019-09-30,0.0684161824966493,0.5080259863933894,0.03741622750844263,Asset Management,Financial Services
KLCIX,Federated Hermes Kaufmann Large Cap Fund Institutional Shares,Q4,2019,2019-12-31,0.05318778320756931,0.4975056265200649,0.037584947854799954,Asset Management,Financial Services
KLCIX,Federated Hermes Kaufmann Large Cap Fund Institutional Shares,Q1,2020,2020-03-31,0.10125088987431395,0.5892166467909082,0.035152924950835336,Asset Management,Financial Services
KYN,"Kayne Anderson Energy Infrastructure Fund, Inc.",Q1,2020,2020-02-29,0.4068996880035451,1.9482159550128892,-0.27586206896551724,Asset Management,Financial Services
LADVX,Lord Abbett Developing Growth Fund Class R6,Q2,2019,2019-06-30,0.5710682062122063,0.9536658373037584,-0.02262443438914027,Asset Management,Financial Services
LADVX,Lord Abbett Developing Growth Fund Class R6,Q3,2019,2019-09-30,0.572240850809717,1.058910391575164,-0.017010309278350517,Asset Management,Financial Services
LPL,"LG Display Co., Ltd.",Q1,2020,2020-03-31,0.4083418539350578,1847.2565170307794,-32.33488372093023,Consumer Electronics,Technology
LSPD,Lightspeed Commerce Inc.,Q4,2019,2020-03-31,0.09726437415870308,0.3351076923145734,-0.018351072703613493,Software - Application,Technology
LX,LexinFintech Holdings Ltd.,Q1,2020,2020-03-31,0.4548210674967438,2.8150976486877273,-0.47044025157232705,Financial - Credit Services,Financial Services
MACGX,MSIFT Discovery Portfolio Class A,Q1,2020,2019-10-31,,0.722286157378536,0.010254711904100109,,
MANU,Manchester United plc,Q3,2020,2020-03-31,0.3866668927531659,0.1760528083034791,-0.009794787312140353,Entertainment,Communication Services
MFH,Mercurity Fintech Holding Inc.,Q2,2019,2019-06-30,1.516288877174486,-3.8403225450080543,-0.3311475409836066,Financial - Capital Markets,Financial Services
MFH,Mercurity Fintech Holding Inc.,Q4,2019,2019-12-31,819.7449909500227,0.7368575865046463,-0.01978021978021978,Financial - Capital Markets,Financial Services
MFIC,MidCap Financial Investment Corporation,Q4,2019,2019-12-31,0.583536926507766,2.0694779015459517,0.0004875283446712018,Asset Management,Financial Services
MGQIX,MSIF Global Sustain Portfolio - Class I,Q2,2019,2019-06-30,0.578196400261121,0.6326077776303857,0.04263959390862944,Asset Management - Global,Financial Services
MGQIX,MSIF Global Sustain Portfolio - Class I,Q3,2019,2019-09-30,0.573418516966904,0.2171211892444359,-0.37298387096774194,Asset Management - Global,Financial Services
MGQIX,MSIF Global Sustain Portfolio - Class I,Q4,2019,2019-12-31,0.5590010405827264,0.2804217818453132,0.01876172607879925,Asset Management - Global,Financial Services
MGQIX,MSIF Global Sustain Portfolio - Class I,Q1,2020,2020-03-31,0.6345749158249159,-0.011562167906482465,0.03400637619553666,Asset Management - Global,Financial Services
MMYT,MakeMyTrip Limited,Q4,2020,2020-03-31,0.023618667092560913,0.6203820685611605,-0.24464831804281348,Travel Services,Consumer Cyclical
MOMO,Hello Group Inc.,Q1,2020,2020-03-31,0.2257532422244919,4.1271683738246345,0.16940249507550886,Internet Content & Information,Communication Services
MPAIX,Morgan Stanley Insti Fd Advantage Portfolio Cl I,Q1,2020,2020-03-31,0.1977674497122268,3.854416962948863,0.07137809187279152,,
MSC,Studio City International Holdings Limited,Q1,2020,2020-03-31,0.5459704218544612,0.9118173452640461,-0.07425742574257425,"Gambling, Resorts & Casinos",Consumer Cyclical
MULN,"Mullen Automotive, Inc.",Q2,2020,2020-03-31,0.4814439125986407,1.2726945244026923e-06,-3.211851912019823e-09,Auto - Manufacturers,Consumer Cyclical
MYGN,"Myriad Genetics, Inc.",Q4,2019,2019-12-31,0.18792371538997657,0.5317111503362436,-0.004039662137348513,Medical - Diagnostics & Research,Healthcare
MYGN,"Myriad Genetics, Inc.",Q1,2020,2020-03-31,0.20322112393723646,0.8798878823280216,-0.10480054090601759,Medical - Diagnostics & Research,Healthcare
NAAS,NaaS Technology Inc.,Q4,2019,2019-12-31,0.4020025303761124,0.030909104984157647,0.025391273247496425,Specialty Retail,Consumer Cyclical
NAAS,NaaS Technology Inc.,Q1,2020,2020-03-31,0.418662161399791,0.04792517542345391,-0.10003609625668448,Specialty Retail,Consumer Cyclical
NAC,Nuveen California Quality Municipal Income Fund,Q4,2018,2019-02-28,0.37529633638598264,1.5400621019929956,0.00961973278520041,Asset Management - Income,Financial Services
NAC,Nuveen California Quality Municipal Income Fund,Q2,2019,2019-08-31,0.3612096623679793,1.4147966259986469,0.14818024263431542,Asset Management - Income,Financial Services
NAC,Nuveen California Quality Municipal Income Fund,Q4,2019,2020-02-29,0.357260448289426,1.4244933380656684,0.08525149190110827,Asset Management - Income,Financial Services
NAD,Nuveen Quality Municipal Income Fund,Q4,2018,2018-10-31,0.018206508589052192,1.6237804948792955,-0.009346846846846847,Asset Management - Income,Financial Services
NAD,Nuveen Quality Municipal Income Fund,Q2,2019,2019-04-30,0.0,1.547500607108389,0.12323232323232322,Asset Management - Income,Financial Services
NAD,Nuveen Quality Municipal Income Fund,Q4,2019,2019-10-31,0.00046460763316870314,1.4784426439213418,0.0929368029739777,Asset Management - Income,Financial Services
NCV,Virtus Convertible & Income Fund,Q4,2018,2019-02-28,0.03251325864295053,0.7462718370704093,0.08097165991902834,Asset Management - Income,Financial Services
NCV,Virtus Convertible & Income Fund,Q2,2019,2019-08-31,0.03336054714826304,0.3953843979484755,0.02751504729148753,Asset Management - Income,Financial Services
NCV,Virtus Convertible & Income Fund,Q4,2019,2020-02-29,0.03406950401292149,0.3767509915877965,0.0032825719120135365,Asset Management - Income,Financial Services
NEA,Nuveen AMT-Free Quality Municipal Income Fund,Q4,2018,2018-10-31,0.0,1.6144195399195034,-0.007343215507411631,Asset Management - Income,Financial Services
NEA,Nuveen AMT-Free Quality Municipal Income Fund,Q2,2019,2019-04-30,0.0,1.5294098143195765,0.1183673469387755,Asset Management - Income,Financial Services
NEA,Nuveen AMT-Free Quality Municipal Income Fund,Q4,2019,2019-10-31,0.0006233573075219233,1.4575080235945304,0.09354536950420955,Asset Management - Income,Financial Services
NEGG,"Newegg Commerce, Inc.",Q1,2020,2020-03-31,0.08877458473130419,0.09800496707474372,0.00744047619047619,Specialty Retail,Consumer Cyclical
NFJ,"Virtus Dividend, Interest & Premium Strategy Fund",Q4,2018,2019-01-31,0.0,1.9122971057567928,-0.10466760961810466,Asset Management,Financial Services
NFJ,"Virtus Dividend, Interest & Premium Strategy Fund",Q2,2019,2019-07-31,0.0,1.8087255145258918,0.12015503875968993,Asset Management,Financial Services
NFJ,"Virtus Dividend, Interest & Premium Strategy Fund",Q4,2019,2020-01-31,0.0,1.6756753385940613,0.11682242990654206,Asset Management,Financial Services
NGG,National Grid plc,Q2,2019,2018-09-30,0.47175183082366495,0.8312420676562279,0.018562168532704773,Regulated Electric,Utilities
NGG,National Grid plc,Q4,2019,2019-03-31,0.46077855248320443,0.7772999776687298,0.04265145340939962,Regulated Electric,Utilities
NGG,National Grid plc,Q2,2020,2019-09-30,0.4946893575933134,0.7397287375696051,0.014694095645204382,Regulated Electric,Utilities
NGG,National Grid plc,Q4,2020,2020-03-31,0.47590514093219455,0.6921932348317406,0.031064289573203667,Regulated Electric,Utilities
NMR,"Nomura Holdings, Inc.",Q4,2020,2020-03-31,0.2311889038624367,249.05409929264627,-3.237142857142857,Financial - Capital Markets,Financial Services
NOLCX,Northern Large Cap Core Fund,Q3,2019,2019-04-30,0.0,3.1730808279435023,-0.027439024390243903,Asset Management,Financial Services
NOLCX,Northern Large Cap Core Fund,Q4,2019,2019-07-31,0.0,3.144321787206854,-0.027190332326283987,Asset Management,Financial Services
NOLCX,Northern Large Cap Core Fund,Q1,2020,2019-10-31,0.0,2.977903875685185,-0.04083147735708983,Asset Management,Financial Services
NOLCX,Northern Large Cap Core Fund,Q2,2020,2020-01-31,0.0,2.7343125566107327,-0.03749147920927062,Asset Management,Financial Services
NRK,Nuveen New York AMT-Free Quality Municipal Income Fund,Q4,2018,2019-02-28,0.3682808768974571,1.5431707153057614,0.028415300546448086,Asset Management - Income,Financial Services
NRK,Nuveen New York AMT-Free Quality Municipal Income Fund,Q2,2019,2019-08-31,0.36670899406741103,1.4695532250348675,0.12524271844660192,Asset Management - Income,Financial Services
NRK,Nuveen New York AMT-Free Quality Municipal Income Fund,Q4,2019,2020-02-29,0.37149500696313803,1.4360683372975056,0.0929368029739777,Asset Management - Income,Financial Services
NUV,"Nuveen Municipal Value Fund, Inc.",Q4,2018,2018-10-31,0.023362648496763727,1.3513603066176676,0.0015109890109890108,Asset Management,Financial Services
NUV,"Nuveen Municipal Value Fund, Inc.",Q2,2019,2019-04-30,0.034659345568643966,1.2893761576990448,0.08020050125313283,Asset Management,Financial Services
NUV,"Nuveen Municipal Value Fund, Inc.",Q4,2019,2019-10-31,0.0035614878325310735,1.2436662923242274,0.11764705882352941,Asset Management,Financial Services
NVG,Nuveen AMT-Free Municipal Credit Income Fund,Q4,2018,2018-10-31,0.07827364286867113,1.6378056836337547,-0.0033756613756613756,Asset Management - Income,Financial Services
NVG,Nuveen AMT-Free Municipal Credit Income Fund,Q2,2019,2019-04-30,0.07557522188662402,1.4865674479916382,0.12148685403445152,Asset Management - Income,Financial Services
NVG,Nuveen AMT-Free Municipal Credit Income Fund,Q4,2019,2019-10-31,0.0,1.4174808311713005,0.08257638315441784,Asset Management - Income,Financial Services
NZF,Nuveen Municipal Credit Income Fund,Q4,2018,2018-10-31,0.008893952621396922,1.6167161617328885,0.0006866952789699571,Asset Management - Income,Financial Services
NZF,Nuveen Municipal Credit Income Fund,Q2,2019,2019-04-30,0.0,1.4488698333033474,0.12454873646209386,Asset Management - Income,Financial Services
NZF,Nuveen Municipal Credit Income Fund,Q4,2019,2019-10-31,0.0,1.4072133749119198,0.08460236886632826,Asset Management - Income,Financial Services
OCFT,"OneConnect Financial Technology Co., Ltd.",Q1,2020,2020-03-31,0.2688469453358785,1.247586496448833,-0.11976048262755937,Software - Application,Technology
OMAB,"Grupo Aeroportuario del Centro Norte, S.A.B. de C.V.",Q1,2020,2020-03-31,0.2616426975194914,11.493391333380961,1.0538666666666667,"Airlines, Airports & Air Services",Industrials
OTRK,"Ontrak, Inc.",Q1,2020,2020-03-31,1.5837374928998995,-0.005580687006907005,-0.0015439866527161155,Medical - Healthcare Information Services,Healthcare
PAGS,PagSeguro Digital Ltd.,Q1,2020,2020-03-31,0.0,1.28414332572729,0.05476673427991887,Software - Infrastructure,Technology
PCIEX,PACE International Equity Investments Class P,Q2,2019,2019-06-30,0.007047486461322289,2.6088023774052367,0.17293906810035842,,
PCIEX,PACE International Equity Investments Class P,Q3,2019,2019-09-30,0.006940128527449768,2.4135494064126615,0.0166358595194085,,
PCIEX,PACE International Equity Investments Class P,Q4,2019,2019-12-31,0.007739705372423801,2.276294017884663,0.009425878320479864,,
PCIEX,PACE International Equity Investments Class P,Q1,2020,2020-03-31,0.006759615200306043,3.1549111797332925,0.366120218579235,,
PCN,PIMCO Corporate & Income Strategy Fund,Q2,2020,2020-01-31,0.23158834868830977,0.6099010225733238,0.055692055692055695,Asset Management - Income,Financial Services
PDI,PIMCO Dynamic Income Fund,Q2,2018,2018-12-31,0.0,1.985024084149228,-0.19956300072833213,Asset Management - Income,Financial Services
PDI,PIMCO Dynamic Income Fund,Q4,2018,2019-06-30,0.3866510570224628,1.8287052275917777,0.15126050420168066,Asset Management - Income,Financial Services
PDI,PIMCO Dynamic Income Fund,Q2,2019,2019-12-31,0.0,1.6391253784004751,0.02900302114803625,Asset Management - Income,Financial Services
PHI,PLDT Inc.,Q1,2020,2020-03-31,0.4064842523727794,29.239249861330673,1.5862870424171993,Telecommunications Services,Communication Services
PHK,PIMCO High Income Fund,Q2,2019,2019-01-31,0.14170745327333048,1.5730617041981345,0.01407744874715262,Asset Management - Income,Financial Services
PHK,PIMCO High Income Fund,Q4,2019,2019-07-31,0.0069102195150490585,1.5795425337944549,0.14583333333333331,Asset Management - Income,Financial Services
PHK,PIMCO High Income Fund,Q2,2020,2020-01-31,0.23373675129405966,1.545562777052835,0.062068965517241385,Asset Management - Income,Financial Services
PPIPX,T. Rowe Price Spectrum Conservative Allocation Fund I Class,Q2,2019,2019-06-30,0.2914681284443258,1.6904110368966023,0.03436657681940701,Asset Management,Financial Services
PPIPX,T. Rowe Price Spectrum Conservative Allocation Fund I Class,Q3,2019,2019-09-30,0.28603160372889014,1.6727949302038843,0.03355704697986577,Asset Management,Financial Services
PPIPX,T. Rowe Price Spectrum Conservative Allocation Fund I Class,Q4,2019,2019-12-31,0.27088163373327123,1.6276559024309982,0.021359223300970877,Asset Management,Financial Services
PPIPX,T. Rowe Price Spectrum Conservative Allocation Fund I Class,Q1,2020,2020-03-31,0.28419705365689074,1.7842302122296125,0.046276211135213303,Asset Management,Financial Services
PROVX,Provident Trust Strategy Fund,Q2,2019,2019-06-30,0.15216447650822892,2.0739265112029734,0.0367504835589942,Asset Management,Financial Services
PROVX,Provident Trust Strategy Fund,Q3,2019,2019-09-30,0.13914173832727203,2.0518720979263363,0.04640151515151515,Asset Management,Financial Services
PROVX,Provident Trust Strategy Fund,Q4,2019,2019-12-31,0.07813660654989948,1.9313774977831126,0.03518029903254178,Asset Management,Financial Services
PRTG,Portage Biotech Inc.,Q3,2020,2019-12-31,0.0207844606472809,0.047718400731165136,-0.01276595744680851,Biotechnology,Healthcare
PRTG,Portage Biotech Inc.,Q4,2020,2020-03-31,0.02114058692413411,0.04623752227310176,-0.0006315789473684211,Biotechnology,Healthcare
PSGCX,Virtus KAR Small-Cap Growth Fund Class C,Q2,2019,2019-02-28,0.03251325864295053,0.4840302923976404,-0.00892803358957315,Asset Management,Financial Services
PSGCX,Virtus KAR Small-Cap Growth Fund Class C,Q3,2019,2019-05-31,0.03336054714826304,0.45339532307725816,0.007887980812486674,Asset Management,Financial Services
PSGCX,Virtus KAR Small-Cap Growth Fund Class C,Q4,2019,2019-08-31,0.03336054714826304,0.43438367262587707,0.007557224127666077,Asset Management,Financial Services
PSGCX,Virtus KAR Small-Cap Growth Fund Class C,Q2,2020,2020-02-29,0.03406950401292149,0.4217412116235084,0.0009185944009398451,Asset Management,Financial Services
PSO,Pearson plc,Q4,2018,2018-12-31,0.09399114484503479,0.5812417480113002,0.05205205205205205,Publishing,Communication Services
PSO,Pearson plc,Q2,2019,2019-06-30,0.3605775266792216,0.6189335263658166,0.00679372197309417,Publishing,Communication Services
PSO,Pearson plc,Q4,2019,2019-12-31,0.21947712418300652,0.7627708211855234,0.038567493112947666,Publishing,Communication Services
PTY,PIMCO Corporate & Income Opportunity Fund,Q1,2020,2019-10-31,0.1202066539667529,1.5758823969322864,0.029602220166512486,Asset Management - Income,Financial Services
PTY,PIMCO Corporate & Income Opportunity Fund,Q2,2020,2020-01-31,0.0,1.4621763977771054,0.027467811158798282,Asset Management - Income,Financial Services
PUK,Prudential plc,Q4,2018,2018-12-31,0.024999082082709435,0.3622089315447548,0.021713842574641335,Insurance - Life,Financial Services
PUK,Prudential plc,Q2,2019,2019-06-30,0.01257186205468584,0.9072598847777593,0.020833333333333332,Insurance - Life,Financial Services
PUK,Prudential plc,Q4,2019,2019-12-31,0.0181390269784727,0.44955548942504703,0.01376421304608019,Insurance - Life,Financial Services
PWGAX,PACE International Equity Investments,Q2,2019,2019-06-30,0.007047486461322289,2.5427279067111304,0.1685589519650655,,
PWGAX,PACE International Equity Investments,Q3,2019,2019-09-30,0.006940128527449768,2.354788510133904,0.016230838593327322,,
PWGAX,PACE International Equity Investments,Q4,2019,2019-12-31,0.007739705372423801,2.2192440424990822,0.009189640768588136,,
PWGAX,PACE International Equity Investments,Q1,2020,2020-03-31,0.006759615200306043,3.0808364241792563,0.3575240128068303,,
QMCO,Quantum Corporation,Q4,2020,2020-03-31,1.0124100123497695,-0.0831950695046037,-0.001608695652173913,Computer Hardware,Technology
RAMP,"LiveRamp Holdings, Inc.",Q4,2020,2020-03-31,0.016199537748609903,0.5297584442625127,-0.00200978792822186,Software - Infrastructure,Technology
RDHL,RedHill Biopharma Ltd.,Q2,2019,2019-06-30,0.08189958748365027,1.7039681007600603e-05,-0.0023303030303030306,Drug Manufacturers - Specialty & Generic,Healthcare
RDHL,RedHill Biopharma Ltd.,Q3,2019,2019-09-30,0.09809914275065225,1.144175938081867e-05,-0.0019701704545454545,Drug Manufacturers - Specialty & Generic,Healthcare
RDHL,RedHill Biopharma Ltd.,Q4,2019,2019-12-31,0.05148517523853224,2.9364922766700086e-05,-0.0022883031301482704,Drug Manufacturers - Specialty & Generic,Healthcare
RDHL,RedHill Biopharma Ltd.,Q1,2020,2020-03-31,0.580122665179816,2.0287289625171093e-05,-0.0031901639344262297,Drug Manufacturers - Specialty & Generic,Healthcare
RDY,Dr. Reddy's Laboratories Limited,Q4,2020,2020-03-31,0.09516838112133516,21.542015914165006,1.0622119815668203,Drug Manufacturers - Specialty & Generic,Healthcare
RELX,RELX Plc,Q4,2018,2018-12-31,0.45467533395242515,0.06611931569773055,0.021360314783586284,Publishing,Communication Services
RELX,RELX Plc,Q2,2019,2019-06-30,0.48800397501419646,0.05225912029485425,0.018501387604070305,Publishing,Communication Services
RELX,RELX Plc,Q4,2019,2019-12-31,0.46515338313148163,0.049997653424133995,0.016971862438588656,Publishing,Communication Services
RHJSX,Rice Hall James Micro Cap Instl,Q3,2019,2019-06-30,0.06321586472580604,1.396192049596315,0.05540103795691314,,
RHJSX,Rice Hall James Micro Cap Instl,Q4,2019,2019-09-30,0.06294102498068503,1.5294319349196004,0.06154553037402401,,
RHJSX,Rice Hall James Micro Cap Instl,Q1,2020,2019-12-31,0.06084076306221049,1.518065342144857,0.05924049176002373,,
RHJSX,Rice Hall James Micro Cap Instl,Q2,2020,2020-03-31,0.05892509385853962,2.2007652137211946,0.05471158004102412,,
RIME,"Algorhythm Holdings, Inc.",Q4,2019,2019-12-31,0.07872175720488472,0.004072234943443086,-0.0004097222222222222,Consumer Electronics,Technology
RIME,"Algorhythm Holdings, Inc.",Q1,2020,2020-03-31,0.10903500163874318,0.005268611162796281,-0.0017142857142857142,Consumer Electronics,Technology
RIO,Rio Tinto Group,Q4,2018,2018-12-31,0.14021044761349769,0.9568874970642385,0.20269763956538028,Industrial Materials,Basic Materials
RIO,Rio Tinto Group,Q2,2019,2019-06-30,0.19046246772408706,0.634738906612059,0.0663867751246392,Industrial Materials,Basic Materials
RIO,Rio Tinto Group,Q4,2019,2019-12-31,0.16075943600373568,0.6660329577950436,0.06466205428419372,Industrial Materials,Basic Materials
RNNEX,American Funds The New Economy Fund Class R-2E,Q2,2019,2019-06-30,0.016212617296842594,0.17101344076513764,0.003973422360598568,Asset Management,Financial Services
RNNEX,American Funds The New Economy Fund Class R-2E,Q3,2019,2019-09-29,0.02490331318368699,0.17981181243275096,0.0026961206259089013,Asset Management,Financial Services
RNNEX,American Funds The New Economy Fund Class R-2E,Q4,2019,2019-12-29,0.026391746260898036,0.17043716434654924,0.009920245442744648,Asset Management,Financial Services
RNNEX,American Funds The New Economy Fund Class R-2E,Q1,2020,2020-03-29,0.0,0.22344520628358627,0.006245563307965105,Asset Management,Financial Services
RNP,"Cohen & Steers REIT and Preferred Income Fund, Inc.",Q2,2019,2019-06-30,0.0,0.8406899003450697,0.2906724511930585,Asset Management - Income,Financial Services
RNP,"Cohen & Steers REIT and Preferred Income Fund, Inc.",Q4,2019,2019-12-31,0.0,0.7894644924082406,0.1417624521072797,Asset Management - Income,Financial Services
RQI,"Cohen & Steers Quality Income Realty Fund, Inc.",Q4,2018,2018-12-31,0.26395329731087325,1.8679685850933332,-0.12738853503184713,Asset Management - Income,Financial Services
RQI,"Cohen & Steers Quality Income Realty Fund, Inc.",Q2,2019,2019-06-30,0.22921735282096414,1.6013363862805645,0.317351598173516,Asset Management - Income,Financial Services
RQI,"Cohen & Steers Quality Income Realty Fund, Inc.",Q4,2019,2019-12-31,0.21996881418915645,1.5114606653177134,0.1020408163265306,Asset Management - Income,Financial Services
RRTBX,T. Rowe Price Retirement 2020 Fund Class R,Q2,2019,2019-06-30,0.2914681284443258,1.888983417736866,0.03840361445783133,Asset Management,Financial Services
RRTBX,T. Rowe Price Retirement 2020 Fund Class R,Q3,2019,2019-09-30,0.28603160372889014,1.8726254290035969,0.037565740045078885,Asset Management,Financial Services
RRTBX,T. Rowe Price Retirement 2020 Fund Class R,Q4,2019,2019-12-31,0.27088163373327123,1.7975184912479572,0.02358827734095783,Asset Management,Financial Services
RRTBX,T. Rowe Price Retirement 2020 Fund Class R,Q1,2020,2020-03-31,0.28419705365689074,2.0276009724844326,0.052588331963845526,Asset Management,Financial Services
RTO,Rentokil Initial plc,Q4,2018,2018-12-31,0.41070907025799125,0.1146484290896986,-0.025367833587011668,Specialty Business Services,Industrials
RTO,Rentokil Initial plc,Q2,2019,2019-06-30,0.49859988799103927,0.09833974916948508,0.010156580617858655,Specialty Business Services,Industrials
RTO,Rentokil Initial plc,Q4,2019,2019-12-31,0.654077303794485,0.09552501857084056,0.019318580962416582,Specialty Business Services,Industrials
RVT,Royce Value Trust Inc.,Q4,2018,2018-12-31,0.0,1.6997346190366578,-1.0217096336499323,Asset Management,Financial Services
RVT,Royce Value Trust Inc.,Q2,2019,2019-06-30,0.0,1.7545013346656932,0.10913140311804008,Asset Management,Financial Services
RVT,Royce Value Trust Inc.,Q4,2019,2019-12-31,0.0,1.6634312743587514,0.09989806320081548,Asset Management,Financial Services
SBS,Companhia de Saneamento Básico do Estado de São Paulo - SABESP,Q1,2020,2020-03-31,0.3097949094595644,4.692870447409145,-0.14678899082568805,Regulated Water,Utilities
SBSW,Sibanye Stillwater Limited,Q4,2018,2018-12-31,0.288551982384042,19.160282805352633,-0.9824561403508774,Gold,Basic Materials
SBSW,Sibanye Stillwater Limited,Q2,2019,2019-06-30,0.27703812461418703,12.92411349607079,0.013701657458563535,Gold,Basic Materials
SBSW,Sibanye Stillwater Limited,Q4,2019,2019-12-31,0.23863233859493943,6.255745475845336,0.006246851385390427,Gold,Basic Materials
SCSCX,Touchstone Large Cap Focused Fund Class C,Q1,2020,2020-03-31,0.10721741441680895,3.1470574355157006,0.036546950350071515,Asset Management,Financial Services
SKM,"SK Telecom Co.,Ltd",Q1,2020,2020-03-31,0.2628271035554567,6696.099812234931,91.04295942720763,Telecommunications Services,Communication Services
SMTAX,JPMorgan SmartRetirement 2040 Fund Class A,Q2,2019,2019-06-30,0.11529530732619118,5.855789566512896,0.20449601160261058,Asset Management,Financial Services
SMTAX,JPMorgan SmartRetirement 2040 Fund Class A,Q3,2019,2019-09-30,0.11393331768343389,5.998784394501019,0.1950509461426492,Asset Management,Financial Services
SMTAX,JPMorgan SmartRetirement 2040 Fund Class A,Q4,2019,2019-12-31,0.11510806626084374,5.627215542510155,0.17423728813559322,Asset Management,Financial Services
SMTAX,JPMorgan SmartRetirement 2040 Fund Class A,Q1,2020,2020-03-31,0.10160248783935688,7.032472190303765,0.06583333333333334,Asset Management,Financial Services
SMYIX,Franklin Global Equity Fund Class I,Q2,2019,2019-06-30,0.0,1.4603724144930577,0.12098765432098765,Asset Management - Global,Financial Services
SMYIX,Franklin Global Equity Fund Class I,Q3,2019,2019-09-30,0.0,1.4786015748916288,0.06347897774113767,Asset Management - Global,Financial Services
SMYIX,Franklin Global Equity Fund Class I,Q4,2019,2019-12-31,0.0,1.3608070639935856,0.058421851289833085,Asset Management - Global,Financial Services
SMYIX,Franklin Global Equity Fund Class I,Q1,2020,2020-03-31,0.0,1.6654711538794973,-0.01811248808388942,Asset Management - Global,Financial Services
SNN,Smith & Nephew plc,Q4,2018,2018-12-31,0.18215659511105597,0.17895575379801018,0.02822322001282874,Medical - Devices,Healthcare
SNN,Smith & Nephew plc,Q4,2019,2019-12-31,0.2201311969028928,0.1400425025227929,0.01623686723973257,Medical - Devices,Healthcare
SONY,Sony Group Corporation,Q4,2020,2020-03-31,0.08213387988800927,67.549434048067,0.17557251908396945,Consumer Electronics,Technology
SOS,SOS Limited,Q3,2019,2019-09-30,0.0,-0.007848361558253698,0.0,Software - Infrastructure,Technology
SOS,SOS Limited,Q4,2019,2019-12-31,0.008385986727007215,0.0016156578012317595,0.0,Software - Infrastructure,Technology
SOS,SOS Limited,Q1,2020,2020-03-31,0.0,0.0004157777604053582,0.0,Software - Infrastructure,Technology
SSL,Sasol Limited,Q2,2019,2018-12-31,0.1884261346439177,14.393230225273475,0.905032160423761,Chemicals - Specialty,Basic Materials
SSL,Sasol Limited,Q4,2019,2019-06-30,0.25271720627787425,16.098379977847138,-0.7642276422764228,Chemicals - Specialty,Basic Materials
SSL,Sasol Limited,Q2,2020,2019-12-31,0.28538177631105494,18.405078963332734,0.3365828630066701,Chemicals - Specialty,Basic Materials
STEW,"SRH Total Return Fund, Inc.",Q2,2019,2019-05-31,0.0,,,Asset Management,Financial Services
STLA,Stellantis N.V.,Q4,2018,2018-12-31,0.14996954775840535,1.5114982528225478,0.08992805755395683,Auto - Manufacturers,Consumer Cyclical
STLA,Stellantis N.V.,Q2,2019,2019-06-30,0.15101056963046636,1.8411154122436815,0.3159574468085106,Auto - Manufacturers,Consumer Cyclical
STLA,Stellantis N.V.,Q4,2019,2019-12-31,0.13158377871159888,1.4540214339692283,0.0906344410876133,Auto - Manufacturers,Consumer Cyclical
STSGX,American Beacon Stephens Small Cap Growth Fd Inv Cl,Q2,2019,2019-06-30,0.04639108412412657,1.2815200848720372,0.005247524752475248,,
STSGX,American Beacon Stephens Small Cap Growth Fd Inv Cl,Q3,2019,2019-09-30,0.05042280472735584,1.3429797351880812,0.016591251885369532,,
STSGX,American Beacon Stephens Small Cap Growth Fd Inv Cl,Q4,2019,2019-12-31,0.05267331175034908,0.9744935983890143,-0.048840673582661094,,
STSGX,American Beacon Stephens Small Cap Growth Fd Inv Cl,Q1,2020,2020-03-31,0.10933560477001704,1.1170923308865435,-0.07465492255149024,,
SWISX,Schwab Capital Trust - Schwab International Index Fund,Q2,2019,2019-06-30,0.02686730288324087,0.9474835468059984,0.03921568627450981,Asset Management,Financial Services
SWISX,Schwab Capital Trust - Schwab International Index Fund,Q3,2019,2019-09-30,0.026621312104148222,0.9850890271472788,0.0421179302045728,Asset Management,Financial Services
SWISX,Schwab Capital Trust - Schwab International Index Fund,Q4,2019,2019-12-31,0.02527167905307733,0.9379519649543705,0.03457891801450084,Asset Management,Financial Services
SWISX,Schwab Capital Trust - Schwab International Index Fund,Q1,2020,2020-03-31,0.022984041706784905,1.4584332640480377,0.042385057471264365,Asset Management,Financial Services
SY,So-Young International Inc.,Q1,2020,2020-03-31,0.04930171392789324,2.0826910915350507,-0.027956989247311825,Medical - Healthcare Information Services,Healthcare
SYTA,Siyata Mobile Inc.,Q1,2020,2020-03-31,0.3523817192301364,0.0008109963467561409,-0.00011863672078106283,Communication Equipment,Technology
TAK,Takeda Pharmaceutical Company Limited,Q3,2019,2019-12-31,0.4320430182448766,98.16830253625209,-0.6490897677338355,Drug Manufacturers - Specialty & Generic,Healthcare
TAK,Takeda Pharmaceutical Company Limited,Q4,2019,2020-03-31,0.4260761991137418,116.00384808313413,0.04284621270084162,Drug Manufacturers - Specialty & Generic,Healthcare
TCOM,Trip.com Group Limited,Q1,2020,2020-03-31,0.3276495798191163,6.735188292734647,-0.3692434210526316,Travel Services,Consumer Cyclical
TEN,Tsakos Energy Navigation Limited,Q1,2020,2020-03-31,0.4918193717277487,0.4440435717754805,-0.9699530516431925,Oil & Gas Midstream,Energy
TISVX,Transamerica International Sm Cp Val I,Q2,2019,2019-06-30,0.48283340938611724,0.519132142066006,0.011133603238866396,,
TISVX,Transamerica International Sm Cp Val I,Q3,2019,2019-09-30,0.491323408787458,0.5518185783043827,0.015166835187057633,,
TISVX,Transamerica International Sm Cp Val I,Q4,2019,2019-12-31,0.4398924658768454,0.47945961491449296,-0.009821428571428573,,
TISVX,Transamerica International Sm Cp Val I,Q1,2020,2020-03-31,0.48076196266880394,0.6367849762147635,-0.0037681159420289855,,
TM,Toyota Motor Corporation,Q4,2020,2020-03-31,0.2206006799184426,134.54290226608524,0.41953488372093023,Auto - Manufacturers,Consumer Cyclical
TNBIX,1290 SmartBeta Equity Fund Class I,Q2,2019,2019-06-30,0.0,1.624864911729913,0.1346153846153846,Asset Management,Financial Services
TNBIX,1290 SmartBeta Equity Fund Class I,Q3,2019,2019-09-30,0.0,1.6187217602378572,0.06949458483754513,Asset Management,Financial Services
TNBIX,1290 SmartBeta Equity Fund Class I,Q4,2019,2019-12-31,0.0,1.5355682451571453,0.06592465753424658,Asset Management,Financial Services
TNBIX,1290 SmartBeta Equity Fund Class I,Q1,2020,2020-03-31,0.0,1.7882080249944654,-0.019447287615148415,Asset Management,Financial Services
TRHRX,T. Rowe Price Target Retirement 2040 Fund,Q2,2019,2019-06-30,0.2914681284443258,2.3710491292576164,0.048204158790170135,Asset Management,Financial Services
TRHRX,T. Rowe Price Target Retirement 2040 Fund,Q3,2019,2019-09-30,0.28603160372889014,2.3580552942325332,0.04730368968779565,Asset Management,Financial Services
TRHRX,T. Rowe Price Target Retirement 2040 Fund,Q4,2019,2019-12-31,0.27088163373327123,2.23730281962268,0.029359430604982206,Asset Management,Financial Services
TRHRX,T. Rowe Price Target Retirement 2040 Fund,Q1,2020,2020-03-31,0.28419705365689074,2.6167448393568975,0.06786850477200425,Asset Management,Financial Services
TRTFX,T. Rowe Price Target Retirement 2060 Fund,Q2,2019,2019-06-30,0.2922435497500454,1.5468857596307644,-0.0695742471443406,Asset Management,Financial Services
TRTFX,T. Rowe Price Target Retirement 2060 Fund,Q3,2019,2019-09-30,0.27699507361001624,1.3917485201617497,0.0031282586027111575,Asset Management,Financial Services
TRTFX,T. Rowe Price Target Retirement 2060 Fund,Q4,2019,2019-12-31,0.2981065739435409,1.1279827133950173,-0.0892337536372454,Asset Management,Financial Services
TRTFX,T. Rowe Price Target Retirement 2060 Fund,Q1,2020,2020-03-31,0.3021335419206523,1.3517078664663527,-0.009258373205741627,Asset Management,Financial Services
TSEM,Tower Semiconductor Ltd.,Q1,2020,2020-03-31,0.14606568237353057,0.7435422292488391,0.009286128845037725,Semiconductors,Technology
TY,Tri-Continental Corporation,Q4,2018,2018-12-31,0.0,1.895625412659577,-0.1453287197231834,Asset Management,Financial Services
TY,Tri-Continental Corporation,Q2,2019,2019-06-30,0.0,1.8050313211758484,0.23899001761597183,Asset Management,Financial Services
TY,Tri-Continental Corporation,Q4,2019,2019-12-31,0.0,1.696746526985364,0.05345572354211663,Asset Management,Financial Services
TY-P,Tri-Continental Corporation PFD $2.50,Q4,2018,2018-12-31,0.0,0.6927614368470129,-0.05311077389984826,Asset Management,Financial Services
TY-P,Tri-Continental Corporation PFD $2.50,Q2,2019,2019-06-30,0.0,0.7661935044771859,0.10144566301096711,Asset Management,Financial Services
TY-P,Tri-Continental Corporation PFD $2.50,Q4,2019,2019-12-31,0.0,0.7430538112974449,0.023409789548356586,Asset Management,Financial Services
TYG,Tortoise Energy Infrastructure Corporation,Q4,2018,2018-11-30,0.2277349943669867,,,Asset Management,Financial Services
TYG,Tortoise Energy Infrastructure Corporation,Q2,2019,2019-05-31,0.2876643926375882,,,Asset Management,Financial Services
UA,"Under Armour, Inc.",Q4,2020,2020-03-31,0.4623789812044258,0.40798637285826134,-0.15494636471990464,Apparel - Manufacturers,Consumer Cyclical
UAA,"Under Armour, Inc.",Q4,2020,2020-03-31,0.4623789812044258,0.35955941893706017,-0.1365546218487395,Apparel - Manufacturers,Consumer Cyclical
UL,Unilever PLC,Q4,2018,2018-12-31,0.44042653390742736,0.10442782776083988,0.057430007178750894,Household & Personal Products,Consumer Defensive
UL,Unilever PLC,Q2,2019,2019-06-30,0.44917788901114225,0.09533543673100822,0.02274525316455696,Household & Personal Products,Consumer Defensive
UL,Unilever PLC,Q4,2019,2019-12-31,0.4290343486714193,0.10654249548948472,0.021150592216582064,Household & Personal Products,Consumer Defensive
USA,Liberty All-Star Equity Fund,Q4,2018,2018-12-31,0.002479821668845024,2.089169668955802,-0.1843971631205674,Asset Management,Financial Services
USA,Liberty All-Star Equity Fund,Q2,2019,2019-06-30,0.0,1.8609601825852191,0.30337078651685395,Asset Management,Financial Services
USA,Liberty All-Star Equity Fund,Q4,2019,2019-12-31,0.0,1.7504253776280212,0.2563451776649746,Asset Management,Financial Services
UTF,"Cohen & Steers Infrastructure Fund, Inc",Q4,2018,2018-12-31,0.0,1.73720234125823,-0.06766325727773406,Asset Management,Financial Services
UTF,"Cohen & Steers Infrastructure Fund, Inc",Q2,2019,2019-06-30,0.0,1.5808335684069035,0.32202380952380955,Asset Management,Financial Services
UTF,"Cohen & Steers Infrastructure Fund, Inc",Q4,2019,2019-12-31,0.0,1.5775018074250788,0.05176336746302617,Asset Management,Financial Services
UTG,Reaves Utility Income Fund,Q4,2018,2018-10-31,0.22192159564783046,1.6080842130067383,0.09929078014184398,Asset Management - Income,Financial Services
UTG,Reaves Utility Income Fund,Q2,2019,2019-04-30,0.20938539002948273,1.5381795473985556,0.16688978134761268,Asset Management - Income,Financial Services
UTG,Reaves Utility Income Fund,Q4,2019,2019-10-31,0.1997317906362214,1.4768439987548134,0.040436716538617065,Asset Management - Income,Financial Services
VIISX,Virtus KAR International Small-Mid Cap Fund,Q2,2019,2019-06-30,0.5150835711373828,0.8355781012362513,0.013063357282821686,Asset Management,Financial Services
VIISX,Virtus KAR International Small-Mid Cap Fund,Q3,2019,2019-09-30,0.561438971381674,0.8303293942186273,0.017461383478844864,Asset Management,Financial Services
VIISX,Virtus KAR International Small-Mid Cap Fund,Q4,2019,2019-12-31,0.5657934723150794,0.7362488454977978,0.007067137809187279,Asset Management,Financial Services
VIISX,Virtus KAR International Small-Mid Cap Fund,Q1,2020,2020-03-31,0.6025801290064503,0.8798701298701299,0.0015673981191222572,Asset Management,Financial Services
VOD,Vodafone Group Public Limited Company,Q2,2019,2018-09-30,0.37442765225198266,1.6715212252749088,-0.12148823082763859,Telecommunications Services,Communication Services
VOD,Vodafone Group Public Limited Company,Q4,2019,2019-03-31,0.4006873766291946,1.8919066848302035,-0.002594142259414226,Telecommunications Services,Communication Services
VOD,Vodafone Group Public Limited Company,Q2,2020,2019-09-30,0.45050885177035405,1.5022963779989518,-0.05475285171102661,Telecommunications Services,Communication Services
VOD,Vodafone Group Public Limited Company,Q4,2020,2020-03-31,0.48487821702107414,2.1846211994143494,0.04293193717277486,Telecommunications Services,Communication Services
VRISX,Virtus KAR International Small-Mid Cap Fund Class R6,Q2,2019,2019-06-30,0.5150835711373828,0.8377669109316966,0.013097576948264572,Asset Management,Financial Services
VRISX,Virtus KAR International Small-Mid Cap Fund Class R6,Q3,2019,2019-09-30,0.561438971381674,0.8325659717114721,0.017508417508417508,Asset Management,Financial Services
VRISX,Virtus KAR International Small-Mid Cap Fund Class R6,Q4,2019,2019-12-31,0.5657934723150794,0.7379873315556439,0.007083825265643447,Asset Management,Financial Services
VRISX,Virtus KAR International Small-Mid Cap Fund Class R6,Q1,2020,2020-03-31,0.6025801290064503,0.8819436651329816,0.0015710919088766692,Asset Management,Financial Services
VSAT,"Viasat, Inc.",Q4,2019,2020-03-31,0.44639760943579965,0.8110315232831893,0.0006333585667423669,Communication Equipment,Technology
WAGSX,Wasatch Global Select Fund Investor Class,Q4,2019,2019-10-31,0.23823247403880068,1.1496929850878599,0.048192771084337345,Asset Management - Global,Financial Services
WAGSX,Wasatch Global Select Fund Investor Class,Q1,2020,2020-01-31,0.2716797740998062,0.8678086926477444,-0.072,Asset Management - Global,Financial Services
WB,Weibo Corporation,Q1,2020,2020-03-31,0.3529507326312119,0.36214599005487547,0.00815313718539525,Internet Content & Information,Communication Services
WDS,Woodside Energy Group Ltd,Q4,2018,2018-12-31,0.15102628470171295,1.2944210265520928,0.03044982698961938,Oil & Gas Exploration & Production,Energy
WDS,Woodside Energy Group Ltd,Q2,2019,2019-06-30,0.22908780903665815,1.0277357762010488,0.024999999999999998,Oil & Gas Exploration & Production,Energy
WDS,Woodside Energy Group Ltd,Q4,2019,2019-12-31,0.23333219773106667,1.0543823958011087,-0.004827586206896551,Oil & Gas Exploration & Production,Energy
WMKGX,WesMark Large Company Fund,Q3,2019,2019-04-30,0.0,3.5612335725080198,-0.030795551753635585,Asset Management,Financial Services
WMKGX,WesMark Large Company Fund,Q4,2019,2019-07-31,0.0,3.5460664789283434,-0.030664395229982964,Asset Management,Financial Services
WMKGX,WesMark Large Company Fund,Q1,2020,2019-10-31,0.0,3.410915408629205,-0.0467687074829932,Asset Management,Financial Services
WMKGX,WesMark Large Company Fund,Q2,2020,2020-01-31,0.0,3.08556655426765,-0.04230769230769231,Asset Management,Financial Services
WPP,WPP plc,Q4,2018,2018-12-31,0.19664459056859485,0.9254367763038025,0.03813038130381304,Advertising Agencies,Communication Services
WPP,WPP plc,Q2,2019,2019-06-30,0.25048301882491064,0.7669496575031536,0.02188183807439825,Advertising Agencies,Communication Services
WPP,WPP plc,Q4,2019,2019-12-31,0.38113489574653964,0.5720757842441702,0.028048996982069946,Advertising Agencies,Communication Services
XHG,XChange TEC.INC,Q1,2020,2019-12-31,0.30745253179676824,-0.016857209234080017,-46333.35632477273,Real Estate - Services,Real Estate
XHG,XChange TEC.INC,Q2,2020,2020-03-31,0.30745253179676824,-0.014834344125990414,-40773.353565800004,Real Estate - Services,Real Estate
YI,"111, Inc.",Q1,2020,2020-03-31,0.06096362743135792,1.1380412079864946,-0.21055555555555555,Medical - Pharmaceuticals,Healthcare
