quarter,ticker,industry,sector,debt_to_assets,mkt_cap,stock_price,mkt_cap_rank
2024Q1,ACVA,Auto - Dealerships,Consumer Cyclical,0.15018398471452693,3025244783.0,18.77,46
2024Q2,ACVA,Auto - Dealerships,Consumer Cyclical,0.13982729334904292,2972735966.0,18.25,49
2024Q3,ACVA,Auto - Dealerships,Consumer Cyclical,0.11118061242148473,3341918344.0,20.33,48
2024Q4,ACVA,Auto - Dealerships,Consumer Cyclical,0.12498107502014431,3579620428.0,21.6,49
2024Q1,AM,Oil & Gas Midstream,Energy,0.5522247197499636,6747351820.0,13.06,33
2024Q2,AM,Oil & Gas Midstream,Energy,0.5517913782018148,7073681780.0,13.91,33
2024Q3,AM,Oil & Gas Midstream,Energy,0.5489728947939152,7240600150.0,14.42,33
2024Q4,AM,Oil & Gas Midstream,Energy,0.5409743709721425,7262635920.0,14.68,35
2024Q1,AMP,Asset Management,Financial Services,0.031796520066062026,45071632000.0,431.38,15
2024Q2,AMP,Asset Management,Financial Services,0.0332943795214246,43402504000.0,421.81,16
2024Q3,AMP,Asset Management,Financial Services,0.031542891557195016,46605152000.0,465.61,16
2024Q4,AMP,Asset Management,Financial Services,0.030164881506921055,52444354999.0,529.21,15
2024Q1,AOMR,REIT - Mortgage,Real Estate,0.721211569502943,266092253.0,9.23,73
2024Q2,AOMR,REIT - Mortgage,Real Estate,0.7921958544290922,325011275.0,11.55,75
2024Q3,AOMR,REIT - Mortgage,Real Estate,0.6082706199058452,243958002.0,9.45,74
2024Q4,AOMR,REIT - Mortgage,Real Estate,0.8012053208938883,217059469.0,8.69,81
2024Q1,ATEN,Software - Infrastructure,Technology,0.012637176551466164,1019234190.0,13.44,60
2024Q2,ATEN,Software - Infrastructure,Technology,0.0122718231487776,1029969100.0,13.65,64
2024Q3,ATEN,Software - Infrastructure,Technology,0.0119461332640093,1073845040.0,14.3,62
2024Q4,ATEN,Software - Infrastructure,Technology,0.027582223351778474,1358343200.0,18.29,66
2024Q1,AX,Banks - Regional,Financial Services,0.018566669491783306,3076607982.0,54.04,44
2024Q2,AX,Banks - Regional,Financial Services,0.02042012347472754,3253666657.0,57.15,46
2024Q3,AX,Banks - Regional,Financial Services,0.01712069081683446,3580286906.0,62.88,44
2024Q4,AX,Banks - Regional,Financial Services,0.017659308607354495,4065778787.0,69.85,45
2024Q1,BKH,Diversified Utilities,Utilities,0.454989820910021,3723720000.0,51.62,40
2024Q2,BKH,Diversified Utilities,Utilities,0.4758636939298442,3752220000.0,52.0,43
2024Q3,BKH,Diversified Utilities,Utilities,0.43897846419788655,4363968000.0,59.11,38
2024Q4,BKH,Diversified Utilities,Utilities,0.42211887499157497,4178328000.0,57.19,44
2024Q1,BKKT,Software - Infrastructure,Technology,0.016628679473777414,50559692.0,11.5,79
2024Q2,BKKT,Software - Infrastructure,Technology,0.02029926735977575,116579439.0,18.92,86
2024Q3,BKKT,Software - Infrastructure,Technology,0.020752852090377423,62217967.0,9.57,79
2024Q4,BKKT,Software - Infrastructure,Technology,0.08738682218600698,161038563.0,24.77,83
2024Q1,BKT,Asset Management - Income,Financial Services,0.19569291011302664,253561296.0,10.8,74
2024Q2,BKT,Asset Management - Income,Financial Services,0.19569291011302664,254200920.0,11.08,76
2024Q4,BKT,Asset Management - Income,Financial Services,0.0,245465591.0,11.17,79
2024Q1,BLDR,Construction,Industrials,0.38889834509608906,25437260600.0,208.55,21
2024Q2,BLDR,Construction,Industrials,0.4150340815807056,16504562040.0,138.41,24
2024Q3,BLDR,Construction,Industrials,0.4074800050706173,22257842040.0,193.86,24
2024Q4,BLDR,Construction,Industrials,0.05973512829811645,16410365020.0,142.93,25
2024Q1,BMO,Banks - Diversified,Financial Services,0.18325253894661833,71145032640.0,92.0,12
2024Q2,BMO,Banks - Diversified,Financial Services,0.11344977231591503,61164298649.0,79.92,12
2024Q3,BMO,Banks - Diversified,Financial Services,0.18102137139674537,65641967600.0,87.09,13
2024Q4,BMO,Banks - Diversified,Financial Services,0.18617426916100271,70626972900.0,94.85,13
2024Q1,BRK-A,Insurance - Diversified,Financial Services,0.11471961197530922,913193902800.0,634440.0,1
2024Q2,BRK-A,Insurance - Diversified,Financial Services,0.11149108092996411,879661746390.0,612241.0,1
2024Q3,BRK-A,Insurance - Diversified,Financial Services,0.10852638175952778,993932737140.0,691180.0,1
2024Q4,BRK-A,Insurance - Diversified,Financial Services,0.11202801675389404,979314805160.0,680920.0,1
2024Q1,C,Banks - Diversified,Financial Services,0.13171456643549256,120706188000.0,61.13,10
2024Q2,C,Banks - Diversified,Financial Services,0.13383874703514922,121062642000.0,61.88,10
2024Q3,C,Banks - Diversified,Financial Services,0.12427555773877333,118163760000.0,61.63,10
2024Q4,C,Banks - Diversified,Financial Services,0.12338282450291019,132868164000.0,69.91,10
2024Q1,C-PN,Asset Management,Financial Services,0.13171456643549256,120706188000.0,26.09,10
2024Q2,C-PN,Asset Management,Financial Services,0.13383874703514922,121062642000.0,26.59,10
2024Q3,C-PN,Asset Management,Financial Services,0.12427555773877333,118163760000.0,27.84,10
2024Q4,C-PN,Asset Management,Financial Services,0.12338282450291019,132868164000.0,28.63,10
2024Q1,CINT,Software - Infrastructure,Technology,0.29582369014061555,567403502.0,4.13,66
2024Q2,CINT,Software - Infrastructure,Technology,0.29497226848853364,711575675.0,5.2,70
2024Q3,CINT,Software - Infrastructure,Technology,0.28815797750598,929153622.0,6.79,64
2024Q4,CINT,Software - Infrastructure,Technology,0.2815842243938477,819902269.0,6.07,70
2024Q1,CRI,Apparel - Retail,Consumer Cyclical,0.4704001456125045,3036687463.0,79.88,45
2024Q2,CRI,Apparel - Retail,Consumer Cyclical,0.5061368693157383,2222290057.0,59.17,57
2024Q3,CRI,Apparel - Retail,Consumer Cyclical,0.4691301029900542,2319055299.0,62.78,55
2024Q4,CRI,Apparel - Retail,Consumer Cyclical,0.25977131861479297,1912968288.0,53.15,60
2024Q1,CSV,Personal Products & Services,Consumer Cyclical,0.4624523708091667,402247040.0,26.59,69
2024Q2,CSV,Personal Products & Services,Consumer Cyclical,0.4596743314640115,401660600.0,26.51,73
2024Q3,CSV,Personal Products & Services,Consumer Cyclical,0.4428712782789642,493533390.0,32.55,69
2024Q4,CSV,Personal Products & Services,Consumer Cyclical,0.42001672423764047,607433550.0,39.63,74
2024Q1,CURV,Apparel - Retail,Consumer Cyclical,1.0704585624817853,508188560.0,4.88,67
2024Q2,CURV,Apparel - Retail,Consumer Cyclical,1.0850841606244188,780967320.0,7.49,67
2024Q3,CURV,Apparel - Retail,Consumer Cyclical,1.052130407045082,410685000.0,3.93,71
2024Q4,CURV,Apparel - Retail,Consumer Cyclical,1.0352081820431578,547570540.0,5.23,75
2024Q1,CVX,Oil & Gas Integrated,Energy,0.08345085629330673,290616547980.0,149.38,3
2024Q2,CVX,Oil & Gas Integrated,Energy,0.08894891115851507,285598205640.0,149.62,3
2024Q3,CVX,Oil & Gas Integrated,Energy,0.09968290951734354,260713553700.0,142.45,3
2024Q4,CVX,Oil & Gas Integrated,Energy,0.09551331449610412,252691919520.0,141.53,3
2024Q1,DAC,Marine Shipping,Industrials,0.1186392802677341,1401546400.0,69.51,56
2024Q2,DAC,Marine Shipping,Industrials,0.1407940525267543,1786981280.0,89.67,60
2024Q3,DAC,Marine Shipping,Industrials,0.1596203692776701,1677985300.0,85.02,58
2024Q4,DAC,Marine Shipping,Industrials,0.169162414870061,1546668391.0,79.27,63
2024Q1,DAR,Packaged Foods,Consumer Defensive,0.42829260126024776,7432856120.0,46.51,30
2024Q2,DAR,Packaged Foods,Consumer Defensive,0.43534364048750696,5873201250.0,36.75,37
2024Q3,DAR,Packaged Foods,Consumer Defensive,0.42224682222236304,5938725399.0,37.16,37
2024Q4,DAR,Packaged Foods,Consumer Defensive,0.42325360487039687,5384167350.0,33.69,38
2024Q1,DIS,Entertainment,Communication Services,0.23729690943570295,224408240000.0,121.26,4
2024Q2,DIS,Entertainment,Communication Services,0.24060028719940132,180807090000.0,98.4,6
2024Q3,DIS,Entertainment,Communication Services,0.24841121400068292,174296280000.0,95.77,6
2024Q4,DIS,Entertainment,Communication Services,0.229936157039473,201766200000.0,111.35,5
2024Q2,DMO,Asset Management,Financial Services,0.44549961709589375,135805656.0,10.82,84
2024Q4,DMO,Asset Management,Financial Services,0.0,134325878.0,11.42,85
2024Q2,DXYZ,Asset Management,Financial Services,0.0,165592154.0,15.22,81
2024Q4,DXYZ,Asset Management,Financial Services,0.0,640391208.0,58.86,73
2024Q1,EXP,Construction Materials,Basic Materials,0.3782469464713383,9257687955.0,270.64,27
2024Q2,EXP,Construction Materials,Basic Materials,0.37235738532114615,7335856528.0,216.81,30
2024Q3,EXP,Construction Materials,Basic Materials,0.3515884890878765,9583683375.0,287.05,29
2024Q4,EXP,Construction Materials,Basic Materials,0.3422756080652633,8221344375.0,246.47,32
2024Q1,F-PD,Auto - Manufacturers,Consumer Cyclical,0.5519517680550847,52841120000.0,22.85,13
2024Q2,F-PD,Auto - Manufacturers,Consumer Cyclical,0.5527937061167232,49971900000.0,23.37,14
2024Q3,F-PD,Auto - Manufacturers,Consumer Cyclical,0.5539929001174024,41997120000.0,24.24,18
2024Q4,F-PD,Auto - Manufacturers,Consumer Cyclical,0.5640401688663235,39372300000.0,23.58,19
2024Q2,FFA,Asset Management - Income,Financial Services,0.0,398163031.0,18.9,74
2024Q4,FFA,Asset Management - Income,Financial Services,0.0,413953240.0,20.34,76
2024Q1,FICO,Software - Application,Technology,1.220583201271551,31014070589.0,1249.61,18
2024Q2,FICO,Software - Application,Technology,1.2589998659902588,36689514360.0,1488.66,18
2024Q3,FICO,Software - Application,Technology,1.3054076992392967,47379130560.0,1943.52,15
2024Q4,FICO,Software - Application,Technology,1.4308974292866317,48534891540.0,1990.93,16
2024Q1,FL,Apparel - Retail,Consumer Cyclical,0.4285090273733256,2698950000.0,28.5,48
2024Q2,FL,Apparel - Retail,Consumer Cyclical,0.42118900244709945,2367400000.0,24.92,53
2024Q3,FL,Apparel - Retail,Consumer Cyclical,0.4198187832590249,2451726228.0,25.84,54
2024Q4,FL,Apparel - Retail,Consumer Cyclical,0.4131448557271932,2065556467.0,21.76,59
2024Q1,FLS,Industrial - Machinery,Industrials,0.2709047219134259,6007376754.0,44.95,35
2024Q2,FLS,Industrial - Machinery,Industrials,0.28782662508006607,6332653600.0,47.54,35
2024Q3,FLS,Industrial - Machinery,Industrials,0.27147317367635354,6796614720.0,51.29,35
2024Q4,FLS,Industrial - Machinery,Industrials,0.3128891123706807,7567676320.0,57.28,33
2024Q1,FT,Asset Management,Financial Services,0.2417926049158363,166875776.0,6.26,76
2024Q3,FT,Asset Management,Financial Services,0.22478029777013186,189997118.0,7.39,75
2024Q1,FTK,Oil & Gas Equipment & Services,Energy,0.07383381456528713,109941040.0,3.74,77
2024Q2,FTK,Oil & Gas Equipment & Services,Energy,0.09584081004870545,144506210.0,4.91,83
2024Q3,FTK,Oil & Gas Equipment & Services,Energy,0.06251517283020747,146656020.0,4.98,78
2024Q4,FTK,Oil & Gas Equipment & Services,Energy,0.11336916555422843,282211890.0,9.53,77
2024Q1,GBTG,Software - Application,Technology,0.37470664928292047,2772931542.0,6.01,47
2024Q2,GBTG,Software - Application,Technology,0.3820729772607086,3066374810.0,6.6,48
2024Q3,GBTG,Software - Application,Technology,0.39418976545842216,3555018120.0,7.69,45
2024Q4,GBTG,Software - Application,Technology,0.4034216335540839,4290060879.0,9.28,43
2024Q1,GEF,Packaging & Containers,Consumer Cyclical,0.43983180043892717,3991057477.0,66.67,38
2024Q2,GEF,Packaging & Containers,Consumer Cyclical,0.48241272258669166,3322824712.0,55.95,45
2024Q3,GEF,Packaging & Containers,Consumer Cyclical,0.4753398001433818,2982617691.0,61.55,51
2024Q4,GEF,Packaging & Containers,Consumer Cyclical,0.4563222195474242,3538568253.0,60.53,51
2024Q1,GEV,Renewable Utilities,Utilities,0.0,37207429018.0,136.54,17
2024Q2,GEV,Renewable Utilities,Utilities,0.0,46993740000.0,171.25,15
2024Q3,GEV,Renewable Utilities,Utilities,0.0,70119500000.0,254.59,12
2024Q4,GEV,Renewable Utilities,Utilities,0.02025832766825289,90455750000.0,328.68,12
2024Q2,GFI,Gold,Basic Materials,0.19105341175345478,13435402920.0,14.54,26
2024Q4,GFI,Gold,Basic Materials,0.29042975874749827,11931535585.0,13.01,28
2024Q1,GLW,"Hardware, Equipment & Parts",Technology,0.30020276631182563,28081920000.0,32.11,19
2024Q2,GLW,"Hardware, Equipment & Parts",Technology,0.3015931417638618,33139050000.0,38.14,19
2024Q3,GLW,"Hardware, Equipment & Parts",Technology,0.2945060377092013,39821838025.0,44.62,19
2024Q4,GLW,"Hardware, Equipment & Parts",Technology,0.28545159545700377,40629600000.0,47.25,18
2024Q1,GM,Auto - Manufacturers,Consumer Cyclical,0.1963585221500338,52379250000.0,44.9,14
2024Q2,GM,Auto - Manufacturers,Consumer Cyclical,0.1346428419966355,53661300000.0,46.12,13
2024Q3,GM,Auto - Manufacturers,Consumer Cyclical,0.4419490544058018,50938240000.0,44.63,14
2024Q4,GM,Auto - Manufacturers,Consumer Cyclical,0.00343507493896576,59449320000.0,53.13,14
2024Q1,GMS,Construction,Industrials,0.38902594578171285,3880361760.0,97.34,39
2024Q2,GMS,Construction,Industrials,0.43300432997148813,3210696300.0,80.61,47
2024Q3,GMS,Construction,Industrials,0.44338276352566536,3581318939.0,90.57,43
2024Q4,GMS,Construction,Industrials,0.5044341188399032,3319058580.0,84.83,52
2024Q1,GRND,Software - Application,Technology,0.727309278232761,1772957371.0,10.13,54
2024Q2,GRND,Software - Application,Technology,0.6929744714303446,2148319597.0,12.24,58
2024Q3,GRND,Software - Application,Technology,0.6516670501484623,2095826097.0,11.93,57
2024Q4,GRND,Software - Application,Technology,0.6134818092633952,3140456746.0,17.84,54
2024Q2,HAFN,Marine Shipping,Industrials,0.2893251309159451,4258976678.0,7.26,41
2024Q3,HAFN,Marine Shipping,Industrials,0.28322629677897887,3645559952.0,6.52,42
2024Q4,HAFN,Marine Shipping,Industrials,0.3004683535390505,2841411066.0,5.43,56
2024Q1,HMY,Gold,Basic Materials,0.03804168044988422,5208033167.0,8.03,36
2024Q2,HMY,Gold,Basic Materials,0.037892821700297716,5801264325.0,9.07,38
2024Q3,HMY,Gold,Basic Materials,0.03511089177891315,6356856793.0,10.06,36
2024Q4,HMY,Gold,Basic Materials,0.03511089177891315,5131739849.0,8.16,41
2024Q1,HPE,Communication Equipment,Technology,0.21837138664209413,23066730000.0,17.25,23
2024Q2,HPE,Communication Equipment,Technology,0.18852472743715562,27753870000.0,20.72,20
2024Q3,HPE,Communication Equipment,Technology,0.19396240057845263,26843520000.0,20.17,23
2024Q4,HPE,Communication Equipment,Technology,0.25604108781678875,29356266097.0,21.18,21
2024Q1,IEX,Industrial - Machinery,Industrials,0.22842734404183787,18472314000.0,239.98,24
2024Q2,IEX,Industrial - Machinery,Industrials,0.2237900835126116,15230840000.0,198.48,25
2024Q3,IEX,Industrial - Machinery,Industrials,0.30172945819878005,16237650000.0,212.32,25
2024Q4,IEX,Industrial - Machinery,Industrials,0.290602345336753,15843253000.0,207.85,26
2024Q2,JHS,Asset Management - Income,Financial Services,0.39981163923411434,126948038.0,10.48,85
2024Q4,JHS,Asset Management - Income,Financial Services,0.0,130441751.0,11.06,86
2024Q1,KLG,Packaged Foods,Consumer Defensive,0.2833686440677966,1616800000.0,18.18,55
2024Q2,KLG,Packaged Foods,Consumer Defensive,0.2952029520295203,1415560000.0,16.05,61
2024Q3,KLG,Packaged Foods,Consumer Defensive,0.3105263157894737,1471460000.0,16.84,59
2024Q4,KLG,Packaged Foods,Consumer Defensive,0.3302752293577982,1547139999.0,17.84,62
2024Q3,LTM,"Airlines, Airports & Air Services",Industrials,0.47413471034580057,8008062208.0,26.41,32
2024Q4,LTM,"Airlines, Airports & Air Services",Industrials,0.46877859410038375,8351979532.0,27.58,31
2024Q2,MCN,Asset Management,Financial Services,0.0,160075197.0,7.02,82
2024Q4,MCN,Asset Management,Financial Services,0.0,141497373.0,6.52,84
2024Q1,MHK,"Furnishings, Fixtures & Appliances",Consumer Cyclical,0.21973173705797583,8337692999.0,130.89,29
2024Q2,MHK,"Furnishings, Fixtures & Appliances",Consumer Cyclical,0.20602277177023404,7235683000.0,113.59,31
2024Q3,MHK,"Furnishings, Fixtures & Appliances",Consumer Cyclical,0.1946414085268756,10219248000.0,160.68,28
2024Q4,MHK,"Furnishings, Fixtures & Appliances",Consumer Cyclical,0.19235283990421487,7517103000.0,119.13,34
2024Q1,MSCI,Financial - Data & Stock Exchanges,Financial Services,0.8517658470091478,44384837750.0,552.08,16
2024Q2,MSCI,Financial - Data & Stock Exchanges,Financial Services,0.8547961793956311,38099198750.0,476.11,17
2024Q3,MSCI,Financial - Data & Stock Exchanges,Financial Services,0.8567610824210027,45759422069.0,577.75,17
2024Q4,MSCI,Financial - Data & Stock Exchanges,Financial Services,0.8728629592581976,47100184990.0,596.25,17
2024Q1,MTB,Banks - Regional,Financial Services,0.07551002384527068,24209942400.0,141.14,22
2024Q2,MTB,Banks - Regional,Financial Services,0.07700557803260635,25269703360.0,148.2,21
2024Q3,MTB,Banks - Regional,Financial Services,0.06699246877729773,29687438520.0,175.78,21
2024Q4,MTB,Banks - Regional,Financial Services,0.06566396770860863,30883324274.0,186.69,20
2024Q1,MYN,Asset Management,Financial Services,0.36260666555148474,403054948.0,9.85,68
2024Q3,MYN,Asset Management,Financial Services,0.36287154809705807,413016382.0,10.35,70
2024Q1,NEE,Regulated Electric,Utilities,0.35440400111141984,131111365000.0,62.16,8
2024Q2,NEE,Regulated Electric,Utilities,0.44733223620103507,145337525000.0,69.32,7
2024Q3,NEE,Regulated Electric,Utilities,0.44495277211807777,173878210000.0,83.28,7
2024Q4,NEE,Regulated Electric,Utilities,0.4330034079434534,147466330000.0,71.1,9
2024Q1,NKX,Asset Management - Income,Financial Services,0.40273009018729705,577372045.0,11.22,65
2024Q2,NKX,Asset Management - Income,Financial Services,0.4035547537983062,594479365.0,11.72,71
2024Q3,NKX,Asset Management - Income,Financial Services,0.4035547537983062,645801325.0,12.95,67
2024Q1,NVR,Residential Construction,Consumer Cyclical,0.15427023242176657,25806472560.0,8099.96,20
2024Q2,NVR,Residential Construction,Consumer Cyclical,0.15815599361227403,23728144653.0,7588.56,22
2024Q3,NVR,Residential Construction,Consumer Cyclical,0.1564115491004459,30514697999.0,9811.8,20
2024Q4,NVR,Residential Construction,Consumer Cyclical,0.1599258610108654,25436379000.0,8178.9,23
2024Q1,OLO,Software - Application,Technology,0.02196016079433381,891140966.0,5.49,61
2024Q2,OLO,Software - Application,Technology,0.041684398815965286,717457754.0,4.42,69
2024Q3,OLO,Software - Application,Technology,0.02146115296764736,799540492.0,4.96,65
2024Q4,OLO,Software - Application,Technology,0.03387495097883345,1247825349.0,7.68,67
2024Q1,ONTF,Software - Application,Technology,0.03481892080664576,294979632.0,7.14,72
2024Q2,ONTF,Software - Application,Technology,0.030554568900282613,248295180.0,6.01,77
2024Q3,ONTF,Software - Application,Technology,0.013414046092352081,256991015.0,6.12,73
2024Q4,ONTF,Software - Application,Technology,0.00945196909381438,270484780.0,6.46,78
2024Q2,PCN,Asset Management - Income,Financial Services,0.0,762586880.0,12.16,68
2024Q4,PCN,Asset Management - Income,Financial Services,0.047164129948951986,844004990.0,12.97,69
2024Q2,PDI,Asset Management - Income,Financial Services,0.0,5495910427.0,16.77,39
2024Q4,PDI,Asset Management - Income,Financial Services,0.30206721089943434,5358585711.0,17.51,39
2024Q1,PDM,REIT - Office,Real Estate,0.5824510089644557,870314000.0,6.61,62
2024Q2,PDM,REIT - Office,Real Estate,0.5433010239157341,898662454.0,6.94,65
2024Q3,PDM,REIT - Office,Real Estate,0.5454213735045794,1251782071.0,9.8,61
2024Q4,PDM,REIT - Office,Real Estate,0.5480756448116741,1136960416.0,8.99,68
2024Q2,PMF,Asset Management - Income,Financial Services,0.4012914290774275,240749180.0,8.76,78
2024Q4,PMF,Asset Management - Income,Financial Services,0.0,235760920.0,8.81,80
2024Q2,PSO,Publishing,Communication Services,0.24042331196899688,8593684207.0,12.23,29
2024Q4,PSO,Publishing,Communication Services,0.21358096343586766,11100175434.0,15.91,29
2024Q1,QBTS,Computer Hardware,Technology,1.5077872646847033,324092988.0,2.04,71
2024Q2,QBTS,Computer Hardware,Technology,1.1953859345423954,183891678.0,1.14,80
2024Q3,QBTS,Computer Hardware,Technology,1.1341377292629284,169195506.0,0.9829,77
2024Q4,QBTS,Computer Hardware,Technology,0.19202613921232106,1693318477.0,8.4,61
2024Q1,RBOT,Medical - Devices,Healthcare,0.27716885435860417,52952681.0,9.05,78
2024Q2,RBOT,Medical - Devices,Healthcare,0.16561860584700097,34474621.0,5.87,88
2024Q3,RBOT,Medical - Devices,Healthcare,0.17440706559491911,33358747.0,5.68,80
2024Q4,RBOT,Medical - Devices,Healthcare,0.20356177734461525,77638946.0,13.16,87
2024Q1,RL,Apparel - Manufacturers,Consumer Cyclical,0.40518886499257867,12204400000.0,184.76,26
2024Q2,RL,Apparel - Manufacturers,Consumer Cyclical,0.4038849570847764,11256358000.0,173.07,27
2024Q3,RL,Apparel - Manufacturers,Consumer Cyclical,0.39233823529411765,12252584000.0,192.47,27
2024Q4,RL,Apparel - Manufacturers,Consumer Cyclical,0.19596378991371152,14459348000.0,230.13,27
2024Q1,SDHY,Asset Management - Leveraged,Financial Services,0.0,377636982.0,14.18,70
2024Q3,SDHY,Asset Management - Leveraged,Financial Services,0.0,410539034.0,16.08,72
2024Q1,SHCO,Travel Lodging,Consumer Cyclical,0.9174104055954475,1113728037.0,5.67,59
2024Q2,SHCO,Travel Lodging,Consumer Cyclical,0.947483876078245,1043015178.0,5.31,63
2024Q3,SHCO,Travel Lodging,Consumer Cyclical,0.929544197791681,1000915799.0,5.1,63
2024Q4,SHCO,Travel Lodging,Consumer Cyclical,0.9581262543421109,1449136750.0,7.45,65
2024Q1,SHEL,Oil & Gas Integrated,Energy,0.1988165327244372,215872152000.0,64.41,5
2024Q2,SHEL,Oil & Gas Integrated,Energy,0.19116324664435905,230779145434.0,70.0,4
2024Q3,SHEL,Oil & Gas Integrated,Energy,0.19397947583105668,210304905142.0,64.57,4
2024Q4,SHEL,Oil & Gas Integrated,Energy,0.19902014659102343,192598630000.0,61.98,6
2024Q1,SITC,REIT - Retail,Real Estate,0.4021065216933354,598414792.0,11.33,64
2024Q2,SITC,REIT - Retail,Real Estate,0.3741457620876194,592511107.0,11.31,72
2024Q3,SITC,REIT - Retail,Real Estate,0.09620485191062128,618674000.0,11.8,68
2024Q4,SITC,REIT - Retail,Real Estate,0.32280672063684523,801654700.0,15.29,72
2024Q1,SJT,Oil & Gas Exploration & Production,Energy,0.0,246560530.0,5.29,75
2024Q2,SJT,Oil & Gas Exploration & Production,Energy,0.0,189231711.0,4.06,79
2024Q3,SJT,Oil & Gas Exploration & Production,Energy,0.0,172452545.0,3.7,76
2024Q4,SJT,Oil & Gas Exploration & Production,Energy,0.0,178511688.0,3.83,82
2024Q1,SLVM,"Paper, Lumber & Forest Products",Basic Materials,0.3721844833750447,2563779616.0,59.87,50
2024Q2,SLVM,"Paper, Lumber & Forest Products",Basic Materials,0.3671497584541063,2833180000.0,66.85,52
2024Q3,SLVM,"Paper, Lumber & Forest Products",Basic Materials,0.34428521495980424,3528435000.0,84.24,46
2024Q4,SLVM,"Paper, Lumber & Forest Products",Basic Materials,0.3087557603686636,3247722000.0,77.96,53
2024Q1,SMR,Renewable Utilities,Utilities,0.0,1290398959.0,5.31,58
2024Q2,SMR,Renewable Utilities,Utilities,0.0,2840821815.0,11.69,51
2024Q3,SMR,Renewable Utilities,Utilities,0.0,3166575999.0,11.58,50
2024Q4,SMR,Renewable Utilities,Utilities,0.0,5211992202.0,17.93,40
2024Q1,SOJD,Regulated Electric,Utilities,0.46564373394233516,78483560000.0,21.41,11
2024Q2,SOJD,Regulated Electric,Utilities,0.46160620557007687,85016720000.0,20.85,11
2024Q3,SOJD,Regulated Electric,Utilities,0.45209647392258745,99017640000.0,22.74,11
2024Q4,SOJD,Regulated Electric,Utilities,0.4565160490425679,90552000000.0,20.1,11
2024Q1,SPGI,Financial - Data & Stock Exchanges,Financial Services,0.2068720339963953,133421120000.0,422.28,7
2024Q2,SPGI,Financial - Data & Stock Exchanges,Financial Services,0.20025920335980052,139598000000.0,443.61,8
2024Q3,SPGI,Financial - Data & Stock Exchanges,Financial Services,0.1976046912271402,160978792000.0,514.79,8
2024Q4,SPGI,Financial - Data & Stock Exchanges,Financial Services,0.19815346805931486,153044619000.0,497.13,8
2024Q1,SPNT,Insurance - Reinsurance,Financial Services,0.8332596663848105,2147152588.0,12.71,52
2024Q2,SPNT,Insurance - Reinsurance,Financial Services,0.8297407804374578,2076110868.0,12.2,59
2024Q3,SPNT,Insurance - Reinsurance,Financial Services,0.052079637295485905,2314165682.0,14.34,56
2024Q4,SPNT,Insurance - Reinsurance,Financial Services,0.05102635549984431,2644991320.0,16.39,57
2024Q1,SR-PA,Regulated Gas,Utilities,0.42145751255671526,3424446000.0,22.89,42
2024Q2,SR-PA,Regulated Gas,Utilities,0.42016077080357395,3504121000.0,22.68,44
2024Q3,SR-PA,Regulated Gas,Utilities,0.09106227038772823,3882633000.0,23.64,41
2024Q4,SR-PA,Regulated Gas,Utilities,0.10646694691285763,3954489000.0,24.01,46
2024Q1,SSD,Construction,Industrials,0.19963033800082736,8696759480.0,203.55,28
2024Q2,SSD,Construction,Industrials,0.20068321397755287,7143312580.0,167.42,32
2024Q3,SSD,Construction,Industrials,0.1849486049673179,8081348770.0,190.33,31
2024Q4,SSD,Construction,Industrials,0.17566976881536514,6989900330.0,165.26,36
2024Q1,STEL,Banks - Regional,Financial Services,0.03027843025337718,1299435480.0,23.86,57
2024Q2,STEL,Banks - Regional,Financial Services,0.03282460480154962,1224755280.0,22.63,62
2024Q3,STEL,Banks - Regional,Financial Services,0.015998830455239088,1386979080.0,25.64,60
2024Q4,STEL,Banks - Regional,Financial Services,0.006428236743968112,1517887350.0,28.21,64
2024Q1,STNG,Oil & Gas Midstream,Energy,0.3265302049871025,3570722211.0,69.56,41
2024Q2,STNG,Oil & Gas Midstream,Energy,0.24560568301409177,4066500953.0,79.43,42
2024Q3,STNG,Oil & Gas Midstream,Energy,0.23424700500731127,3418263958.0,70.05,47
2024Q4,STNG,Oil & Gas Midstream,Energy,0.22484226528646836,2382237532.0,49.19,58
2024Q1,STWD,REIT - Mortgage,Real Estate,0.13621541615993274,6339442909.0,18.42,34
2024Q2,STWD,REIT - Mortgage,Real Estate,0.14706053896399282,5937557420.0,17.6,36
2024Q3,STWD,REIT - Mortgage,Real Estate,0.13612691750533404,6876409441.0,19.39,34
2024Q4,STWD,REIT - Mortgage,Real Estate,0.14397033772527257,6393913587.0,18.49,37
2024Q1,T,Telecommunications Services,Communication Services,0.37567471484222437,126579200000.0,16.46,9
2024Q2,T,Telecommunications Services,Communication Services,0.3712772532447629,137439120000.0,18.16,9
2024Q3,T,Telecommunications Services,Communication Services,0.3716940254343834,158312000000.0,21.22,9
2024Q4,T,Telecommunications Services,Communication Services,0.35695234235489304,163989540000.0,22.25,7
2024Q1,TDS,Telecommunications Services,Communication Services,0.37646040675032455,1810260000.0,15.92,53
2024Q2,TDS,Telecommunications Services,Communication Services,0.3712514417531719,2363220000.0,20.65,54
2024Q3,TDS,Telecommunications Services,Communication Services,0.3743989508961096,2650500000.0,23.2,52
2024Q4,TDS,Telecommunications Services,Communication Services,0.37287144632025143,3922650000.0,34.07,47
2024Q1,TGLS,Construction Materials,Basic Materials,0.16115916338111394,2450253784.0,51.63,51
2024Q2,TGLS,Construction Materials,Basic Materials,0.15116781203812457,2358294807.0,49.9,56
2024Q3,TGLS,Construction Materials,Basic Materials,0.1251223309273663,3226793765.0,68.39,49
2024Q4,TGLS,Construction Materials,Basic Materials,0.1075170560508652,3727774674.0,79.15,48
2024Q1,TGNA,Broadcasting,Communication Services,0.442614987909344,2656675620.0,14.47,49
2024Q2,TGNA,Broadcasting,Communication Services,0.44329175771310436,2362997280.0,13.62,55
2024Q3,TGNA,Broadcasting,Communication Services,0.4364047352527616,2545740060.0,15.56,53
2024Q4,TGNA,Broadcasting,Communication Services,0.42856259568834804,2950670830.0,18.16,55
2024Q2,TPZ,Asset Management,Financial Services,0.1880106243798019,93005736.0,15.51,87
2024Q1,UAA,Apparel - Manufacturers,Consumer Cyclical,0.14195122012698042,3273214500.0,7.38,43
2024Q2,UAA,Apparel - Manufacturers,Consumer Cyclical,0.1502640360241958,2958311750.0,6.67,50
2024Q3,UAA,Apparel - Manufacturers,Consumer Cyclical,0.29630714060205227,3951807750.0,8.91,40
2024Q4,UAA,Apparel - Manufacturers,Consumer Cyclical,0.2818285173824462,3578822999.0,8.28,50
2024Q1,UAN,Agricultural Inputs,Basic Materials,0.5747206122102622,830696300.0,71.82,63
2024Q2,UAN,Agricultural Inputs,Basic Materials,0.5860438356678378,799726200.0,70.82,66
2024Q3,UAN,Agricultural Inputs,Basic Materials,0.5590162837792638,709564100.0,64.5,66
2024Q4,UAN,Agricultural Inputs,Basic Materials,0.5623623277747457,802897199.0,74.25,71
2024Q1,UI,Communication Equipment,Technology,0.7574956037993633,7004406850.0,114.44,31
2024Q2,UI,Communication Equipment,Technology,0.6559928344473204,8806894920.0,144.49,28
2024Q3,UI,Communication Equipment,Technology,0.5181575897429697,13407408400.0,220.63,26
2024Q4,UI,Communication Equipment,Technology,0.3812267786753264,20071807100.0,330.89,24
2024Q1,VTR,REIT - Healthcare Facilities,Real Estate,0.5572656226631453,17562512100.0,42.23,25
2024Q2,VTR,REIT - Healthcare Facilities,Real Estate,0.017550957229139606,20919052220.0,49.72,23
2024Q3,VTR,REIT - Healthcare Facilities,Real Estate,0.5477653163039105,27030538479.0,62.75,22
2024Q4,VTR,REIT - Healthcare Facilities,Real Estate,0.5247108612220168,25907536590.0,58.48,22
2024Q1,WAL,Banks - Regional,Financial Services,0.09457195183727546,6964615000.0,62.98,32
2024Q2,WAL,Banks - Regional,Financial Services,0.08241396855338107,6822252000.0,61.99,34
2024Q3,WAL,Banks - Regional,Financial Services,0.050536963036963034,9401463000.0,85.76,30
2024Q4,WAL,Banks - Regional,Financial Services,0.08175797563446759,9080798000.0,83.18,30
2024Q1,WFC,Banks - Diversified,Financial Services,0.1514828091527308,206343396000.0,56.28,6
2024Q2,WFC,Banks - Diversified,Financial Services,0.1535870042003574,204794537000.0,58.0,5
2024Q3,WFC,Banks - Diversified,Financial Services,0.10216036938284451,187140072000.0,55.59,5
2024Q4,WFC,Banks - Diversified,Financial Services,0.08968492288240766,230415295999.0,69.51,4
2024Q1,WTM,Insurance - Property & Casualty,Financial Services,0.059818106190909805,4594219023.0,1793.35,37
2024Q2,WTM,Insurance - Property & Casualty,Financial Services,0.056991755436359925,4600147695.0,1816.48,40
2024Q3,WTM,Insurance - Property & Casualty,Financial Services,0.05271100362756953,4294439160.0,1695.3,39
2024Q4,WTM,Insurance - Property & Casualty,Financial Services,0.05667163697912469,4926253462.0,1944.03,42
2024Q1,XOM,Oil & Gas Integrated,Energy,0.10700734021666075,464727520000.0,111.42,2
2024Q2,XOM,Oil & Gas Integrated,Energy,0.09373853664042439,496973040000.0,111.24,2
2024Q3,XOM,Oil & Gas Integrated,Energy,0.09211631552057084,523035640000.0,114.18,2
2024Q4,XOM,Oil & Gas Integrated,Energy,0.0832658911737141,479977340000.0,105.64,2
